,Date,GDP,UnemploymentRate,RealGDP,MarketPrice,PersonalConsumption,Imports,Exports,FedRateHike,CPI,ConsumerSentiment,Recession
0,1946-01-01,,,,,,,,,,,
1,1946-04-01,,,,,,,,,,,
2,1946-07-01,,,,,,,,,,,
3,1946-10-01,,,,,,,,,,,
4,1947-01-01,243.164,,2034.45,,,60.396,,,,,
5,1947-04-01,245.968,,2029.024,,,61.559,,,,,
6,1947-07-01,249.585,,2024.834,,,54.594,,,,,
7,1947-10-01,259.745,,2056.508,,,57.538,,,,,
8,1948-01-01,265.742,3.4,2087.442,,,64.883,,,,,
9,1948-04-01,272.567,3.9,2121.899,,,67.455,,,,,
10,1948-07-01,279.196,3.6,2134.056,,,70.977,,,,,
11,1948-10-01,280.366,3.7,2136.44,,,69.826,,,,,
12,1949-01-01,275.034,4.3,2107.001,,,67.731,,,,,
13,1949-04-01,271.351,5.3,2099.814,,,66.743,,,,,
14,1949-07-01,272.889,6.7,2121.493,,,64.023,,,,,
15,1949-10-01,270.627,7.9,2103.688,,,64.987,,,,,
16,1950-01-01,280.828,6.5,2186.365,,,66.803,,,,,
17,1950-04-01,290.383,5.8,2253.045,,,70.49,,,,,
18,1950-07-01,308.153,5.0,2340.112,,,86.986,,,,,
19,1950-10-01,319.945,4.2,2384.92,,,87.149,,,,,
20,1951-01-01,336.0,3.7,2417.311,,,87.154,,,,,
21,1951-04-01,344.09,3.1,2459.196,,,84.266,,,,,
22,1951-07-01,351.385,3.1,2509.88,,,77.13,,,,,
23,1951-10-01,356.178,3.5,2515.408,,,75.113,,,,,
24,1952-01-01,359.82,3.2,2542.286,,,83.828,,,,,
25,1952-04-01,361.03,2.9,2547.762,,,83.394,,,,,
26,1952-07-01,367.701,3.2,2566.153,,,88.497,,,,,
27,1952-10-01,380.812,3.0,2650.431,,,96.431,,,,,
28,1953-01-01,387.98,2.9,2699.699,,,94.054,,,,,
29,1953-04-01,391.749,2.7,2720.566,,,98.932,,,,,
30,1953-07-01,391.171,2.6,2705.258,,,98.555,,,,,
31,1953-10-01,385.97,3.1,2664.302,,,93.707,,,,,
32,1954-01-01,385.345,4.9,2651.566,,,88.296,,,,,
33,1954-04-01,386.121,5.9,2654.456,,,96.237,,,,,
34,1954-07-01,390.996,5.8,2684.434,,,90.432,,1.13,,,
35,1954-10-01,399.734,5.7,2736.96,,,91.29,,0.5,,,
36,1955-01-01,413.073,4.9,2815.134,,,96.684,,1.44,,,
37,1955-04-01,421.532,4.7,2860.942,,,102.167,,1.44,,,
38,1955-07-01,430.221,4.0,2899.578,,,103.886,,1.69,,,
39,1955-10-01,437.092,4.3,2916.985,,,107.65,,2.19,,,
40,1956-01-01,439.746,4.0,2905.656,,,112.169,,2.5,,,
41,1956-04-01,446.01,4.0,2929.666,,,111.585,,2.5,,,
42,1956-07-01,451.191,4.4,2927.034,,,112.555,,2.75,,,
43,1956-10-01,460.463,3.9,2975.209,,,107.392,,3.0,,,
44,1957-01-01,469.779,4.2,2994.259,,,115.936,,3.0,,,
45,1957-04-01,472.025,3.9,2987.699,,,116.84,,3.0,,,
46,1957-07-01,479.49,4.2,3016.979,,,114.584,,3.0,,,
47,1957-10-01,474.864,4.5,2985.775,,,114.971,,3.5,,,
48,1958-01-01,467.54,5.8,2908.281,,,116.672,,3.0,,,
49,1958-04-01,471.978,7.4,2927.395,,,121.661,,0.25,,,
50,1958-07-01,485.841,7.5,2995.112,,,119.829,,0.25,,,
51,1958-10-01,499.555,6.7,3065.141,,,126.132,,1.0,,,
52,1959-01-01,510.33,6.0,3123.978,,,129.446,,2.38,,,
53,1959-04-01,522.653,5.2,3194.429,,,135.745,,2.25,,,
54,1959-07-01,525.034,5.1,3196.683,,,137.041,,2.75,,,
55,1959-10-01,528.6,5.7,3205.79,,,133.561,,4.0,,,
56,1960-01-01,542.648,5.2,3277.847,,,138.606,,4.0,,,
57,1960-04-01,541.08,5.2,3260.177,,,139.636,,4.0,,,
58,1960-07-01,545.604,5.5,3276.133,,,135.521,,3.25,,,
59,1960-10-01,540.197,6.1,3234.087,,,129.128,,3.0,,,
60,1961-01-01,545.018,6.6,3255.914,,,128.503,,3.0,,,
61,1961-04-01,555.545,7.0,3311.181,,,130.073,,2.0,,,
62,1961-07-01,567.664,7.0,3374.742,,,138.688,,0.5,,,
63,1961-10-01,580.612,6.5,3440.924,,,141.986,,1.5,,,
64,1962-01-01,594.013,5.8,3502.298,,,146.308,,2.5,,,
65,1962-04-01,600.366,5.6,3533.947,,,149.5,,2.75,,,
66,1962-07-01,609.027,5.4,3577.362,,,151.395,,2.75,,,
67,1962-10-01,612.28,5.4,3589.128,,,153.246,,3.0,,,
68,1963-01-01,621.672,5.7,3628.306,,,149.699,,3.0,,,
69,1963-04-01,629.752,5.7,3669.02,,,153.223,,3.0,,,
70,1963-07-01,644.444,5.6,3749.681,,,157.114,,3.0,,,
71,1963-10-01,653.938,5.5,3774.264,,,156.598,,3.5,,,
72,1964-01-01,669.822,5.6,3853.835,,,156.451,,3.25,,,
73,1964-04-01,678.674,5.3,3895.793,,,159.973,,3.5,,,
74,1964-07-01,692.031,4.9,3956.657,,,164.266,,3.5,,,
75,1964-10-01,697.319,5.1,3968.878,,,168.709,,3.5,,,
76,1965-01-01,717.79,4.9,4064.915,,,162.635,,4.0,,,
77,1965-04-01,730.191,4.8,4116.267,,,181.828,,4.13,,,
78,1965-07-01,749.323,4.4,4207.782,,,182.574,,4.13,,,
79,1965-10-01,771.857,4.2,4304.731,,,191.482,,4.13,,,
80,1966-01-01,795.734,4.0,4409.518,,,196.417,,4.63,,,
81,1966-04-01,804.981,3.8,4424.581,,,201.302,,4.75,,,
82,1966-07-01,819.638,3.8,4462.053,,,212.593,,5.5,,,
83,1966-10-01,833.302,3.7,4498.66,,,214.987,,5.75,,,
84,1967-01-01,844.17,3.9,4538.498,,,218.343,,5.0,,,
85,1967-04-01,848.983,3.8,4541.28,,,216.608,,4.5,,,
86,1967-07-01,865.233,3.8,4584.246,,,219.452,,3.5,,,
87,1967-10-01,881.439,4.0,4618.812,,,231.026,,3.75,,,0.0
88,1968-01-01,909.387,3.7,4713.013,,,244.637,,4.5,3.659987292,,0.0
89,1968-04-01,934.344,3.5,4791.758,,,248.369,,5.5,4.165427174,,0.0
90,1968-07-01,950.825,3.7,4828.892,,,263.296,,6.13,4.766361188,,0.0
91,1968-10-01,968.03,3.4,4847.885,,,261.077,,6.0,5.198351909,,0.0
92,1969-01-01,993.337,3.4,4923.76,,,236.452,,4.0,5.765763045,,0.0
93,1969-04-01,1009.02,3.4,4938.728,,,283.101,,6.63,6.524447618,,1.0
94,1969-07-01,1029.956,3.5,4971.349,,,279.433,,8.75,6.404961413,,1.0
95,1969-10-01,1038.147,3.7,4947.104,,,276.363,,8.0,6.574721234,,1.0
96,1970-01-01,1051.2,3.9,4939.759,,,275.458,-80.918,5.0,6.628279061,,1.0
97,1970-04-01,1067.375,4.6,4946.77,,,280.902,-78.824,8.0,6.855423125,,1.0
98,1970-07-01,1086.059,5.0,4992.357,,,280.258,-77.37,7.0,7.04714037,,1.0
99,1970-10-01,1088.608,5.5,4938.857,,,284.604,-81.296,6.5,7.097174731,,1.0
100,1971-01-01,1135.156,5.9,5072.996,,,281.249,-76.085,3.0,7.042661405,,0.0
101,1971-04-01,1156.271,5.9,5100.447,,,302.466,-98.818,4.0,5.338291383,,0.0
102,1971-07-01,1177.675,6.0,5142.422,,,309.152,-95.325,5.25,5.199542864,,0.0
103,1971-10-01,1190.297,5.8,5154.547,,,288.197,-94.11,5.38,4.41123702,,0.0
104,1972-01-01,1230.609,5.8,5249.337,,,330.317,-114.168,3.0,3.755946258,,0.0
105,1972-04-01,1266.369,5.7,5368.485,,,318.581,-108.738,4.0,3.991015808,,0.0
106,1972-07-01,1290.566,5.6,5419.184,,,325.212,-102.718,4.5,3.481835749,,0.0
107,1972-10-01,1328.904,5.6,5509.926,,,339.862,-107.959,4.88,3.344140047,,0.0
108,1973-01-01,1377.49,4.9,5646.286,,,355.566,-106.7,5.5,2.847928102,,0.0
109,1973-04-01,1413.887,5.0,5707.755,,,345.318,-84.462,7.38,3.036614659,,0.0
110,1973-07-01,1433.838,4.8,5677.738,,,335.778,-74.043,8.88,3.018552356,,0.0
111,1973-10-01,1476.289,4.6,5731.632,,,338.284,-63.674,10.9,4.775638756,,1.0
112,1974-01-01,1491.209,5.1,5682.353,,,326.81,-48.639,9.83,5.857506965,,1.0
113,1974-04-01,1530.056,5.1,5695.859,,,344.123,-52.388,10.01,7.120384207,,1.0
114,1974-07-01,1560.026,5.5,5642.025,,,338.109,-62.091,14.33,9.552860371,,1.0
115,1974-10-01,1599.679,6.0,5620.126,,,334.754,-51.525,11.3,10.591306867,,1.0
116,1975-01-01,1616.116,8.1,5551.713,,,301.164,-15.961,3.87,11.65667686,,1.0
117,1975-04-01,1651.853,8.8,5591.382,,,277.065,-0.175,5.48,11.729239119,,0.0
118,1975-07-01,1709.82,8.6,5687.087,,,300.098,-27.88,6.12,9.787927045,,0.0
119,1975-10-01,1761.831,8.4,5763.665,,,316.117,-28.508,6.24,8.142102792,,0.0
120,1976-01-01,1820.487,7.9,5893.276,,,335.921,-50.298,5.37,7.741363545,,0.0
121,1976-04-01,1852.332,7.7,5936.515,,,350.47,-61.966,4.83,6.899629973,,0.0
122,1976-07-01,1886.558,7.8,5969.089,,,364.768,-67.883,5.58,7.140992224,,0.0
123,1976-10-01,1934.273,7.7,6012.356,,,376.841,-76.943,5.32,6.910786682,,0.0
124,1977-01-01,1988.648,7.5,6083.391,,,394.68,-99.608,4.17,6.062302309,,0.0
125,1977-04-01,2055.909,7.2,6201.659,,,398.319,-95.296,4.72,6.591159521,,0.0
126,1977-07-01,2118.473,6.9,6313.559,,,392.768,-87.394,5.36,6.892219332,,0.0
127,1977-10-01,2164.27,6.8,6313.697,,,398.342,-102.758,6.46,6.96244877,,0.0
128,1978-01-01,2202.76,6.4,6333.848,,,425.07,-122.507,6.53,7.395951567,83.7,0.0
129,1978-04-01,2331.633,6.1,6578.605,,,426.419,-92.313,6.97,7.437211324,81.6,0.0
130,1978-07-01,2395.053,6.2,6644.754,,,431.993,-94.221,8.01,7.939210957,82.4,0.0
131,1978-10-01,2476.949,5.8,6734.069,,,437.924,-86.747,8.9,9.062421667,79.3,0.0
132,1979-01-01,2526.61,5.9,6746.176,,,436.734,-85.281,10.84,9.083750922,72.1,0.0
133,1979-04-01,2591.247,5.8,6753.389,,,439.092,-86.723,10.07,9.934098639,66.0,1.0
134,1979-07-01,2667.565,5.7,6803.558,,,432.386,-67.336,10.54,10.521237318,60.4,1.0
135,1979-10-01,2723.883,6.0,6820.572,,,441.816,-53.797,12.06,11.279514365,62.1,1.0
136,1980-01-01,2789.842,6.3,6842.024,,,442.117,-43.269,14.77,13.499249243,67.0,1.0
137,1980-04-01,2797.352,6.9,6701.046,,,410.012,-3.644,19.79,14.786779517,52.7,1.0
138,1980-07-01,2856.483,7.8,6693.082,,,380.507,24.995,9.47,14.178529783,62.3,0.0
139,1980-10-01,2985.557,7.5,6817.903,,,400.911,2.135,13.05,13.133051948,75.0,0.0
140,1981-01-01,3124.206,7.5,6951.495,,,418.022,-7.397,22.0,12.062863603,71.4,0.0
141,1981-04-01,3162.532,7.2,6899.98,,,418.639,-5.794,14.51,9.752589153,72.4,1.0
142,1981-07-01,3260.609,7.2,6982.609,,,413.847,-9.797,21.09,11.274384726,74.1,1.0
143,1981-10-01,3280.818,7.9,6906.529,,,425.696,-19.79,16.96,11.298313544,70.3,1.0
144,1982-01-01,3274.302,8.6,6799.233,,,413.539,-25.25,13.13,9.499196473,71.0,1.0
145,1982-04-01,3331.972,9.3,6830.251,,,406.768,-16.163,15.48,9.112202163,65.5,1.0
146,1982-07-01,3366.322,9.8,6804.139,,,425.635,-52.351,14.73,7.912560428,65.4,0.0
147,1982-10-01,3402.561,10.4,6806.857,,,408.929,-52.751,10.87,6.000904404,73.4,0.0
148,1983-01-01,3473.413,10.4,6896.561,,,418.301,-56.377,11.2,4.695598354,70.4,0.0
149,1983-04-01,3578.848,10.2,7053.5,,,450.465,-87.459,9.12,4.456933531,89.1,0.0
150,1983-07-01,3689.179,9.4,7194.504,,,485.556,-117.093,9.31,2.630755198,92.8,0.0
151,1983-10-01,3794.706,8.8,7344.597,,,509.375,-133.497,10.59,3.09331236,89.3,0.0
152,1984-01-01,3908.054,8.0,7488.167,,,550.324,-166.6,9.92,4.485762548,100.1,0.0
153,1984-04-01,4009.601,7.7,7617.547,,,573.377,-180.117,10.24,4.646319003,96.1,0.0
154,1984-07-01,4084.25,7.5,7690.985,,,588.22,-186.272,10.85,4.897092721,96.6,0.0
155,1984-10-01,4148.551,7.4,7754.117,,,605.461,-195.335,11.38,5.103857709,96.3,0.0
156,1985-01-01,4230.168,7.3,7829.26,,,592.108,-180.895,8.74,4.726710471,96.0,0.0
157,1985-04-01,4294.887,7.3,7898.194,,,621.201,-210.869,8.83,4.754134291,94.6,0.0
158,1985-07-01,4386.773,7.4,8018.809,,,615.192,-210.845,8.12,4.948295318,94.0,0.0
159,1985-10-01,4444.094,7.1,8078.415,,,639.267,-222.857,8.26,4.891950804,88.4,0.0
160,1986-01-01,4507.894,6.7,8153.829,,,638.629,-209.176,13.46,5.296961132,95.6,0.0
161,1986-04-01,4545.34,7.1,8190.552,,,665.801,-231.724,7.49,5.370857251,96.2,0.0
162,1986-07-01,4607.669,7.0,8268.935,,,684.256,-240.244,6.97,4.975291061,97.7,0.0
163,1986-10-01,4657.627,7.0,8313.338,,,689.567,-228.966,5.99,4.897657302,95.6,0.0
164,1987-01-01,4722.156,6.6,8375.274,,,685.524,-224.514,14.35,4.481798225,90.4,0.0
165,1987-04-01,4806.16,6.3,8465.63,,,702.675,-222.672,6.22,4.358079784,92.8,0.0
166,1987-07-01,4884.555,6.1,8539.075,,,716.372,-215.533,6.07,4.166490008,93.7,0.0
167,1987-10-01,5007.994,6.0,8685.694,,,732.845,-213.322,7.71,4.343067431,89.3,0.0
168,1988-01-01,5073.372,5.7,8730.569,,,729.393,-181.02,6.89,4.383640423,90.8,0.0
169,1988-04-01,5190.036,5.4,8845.28,,,720.992,-157.251,6.7,4.388452903,91.2,0.0
170,1988-07-01,5282.835,5.4,8897.107,,,738.003,-163.153,7.75,4.712055892,93.4,0.0
171,1988-10-01,5399.509,5.4,9015.661,,,760.484,-168.089,8.54,4.616281806,94.1,0.0
172,1989-01-01,5511.253,5.4,9107.314,,,764.021,-153.932,9.04,4.756783262,97.9,0.0
173,1989-04-01,5612.463,5.2,9176.827,,,767.643,-130.842,9.79,4.627130987,91.5,0.0
174,1989-07-01,5695.365,5.2,9244.816,,,766.599,-123.294,9.63,4.905247602,92.0,0.0
175,1989-10-01,5747.237,5.3,9263.033,,,780.469,-127.426,9.24,4.81739966,93.9,1.0
176,1990-01-01,5872.701,5.4,9364.259,,,805.219,-123.815,7.97,4.92058886,93.0,1.0
177,1990-04-01,5960.028,5.4,9398.243,,,803.868,-113.991,8.3,5.294133558,93.9,1.0
178,1990-07-01,6015.116,5.5,9404.494,,,800.622,-105.523,8.32,5.535071884,88.2,1.0
179,1990-10-01,6004.733,5.9,9318.876,,,779.151,-77.932,8.25,5.817450968,63.9,1.0
180,1991-01-01,6035.178,6.4,9275.276,,,770.272,-64.769,5.53,5.839029006,66.8,1.0
181,1991-04-01,6126.862,6.7,9347.597,,,783.963,-52.738,6.48,5.302381155,81.8,0.0
182,1991-07-01,6205.937,6.8,9394.834,,,806.025,-57.49,6.38,4.735708693,82.9,0.0
183,1991-10-01,6264.54,7.0,9427.581,,,823.831,-58.44,5.4,4.310597235,78.3,0.0
184,1992-01-01,6363.102,7.3,9540.444,,,829.815,-50.588,4.09,4.069913371,67.5,0.0
185,1992-04-01,6470.763,7.4,9643.893,,,843.457,-63.859,4.98,4.077543119,77.2,0.0
186,1992-07-01,6566.641,7.7,9739.185,,,856.753,-60.634,3.89,3.785344226,76.6,0.0
187,1992-10-01,6680.803,7.3,9840.753,,,877.263,-77.153,3.58,3.654950596,73.3,0.0
188,1993-01-01,6729.459,7.3,9857.185,,,896.257,-94.361,2.66,3.547354737,89.3,0.0
189,1993-04-01,6808.939,7.1,9914.565,,,914.774,-103.294,3.31,3.422176699,85.6,0.0
190,1993-07-01,6882.098,6.9,9961.873,,,926.821,-117.522,3.27,3.437046316,77.0,0.0
191,1993-10-01,7013.738,6.8,10097.362,,,964.055,-128.671,3.19,3.433321443,82.7,0.0
192,1994-01-01,7115.652,6.6,10195.338,,,986.514,-142.93,2.85,3.384372964,94.3,0.0
193,1994-04-01,7246.931,6.4,10333.495,,,1023.272,-151.207,3.64,3.364064138,92.6,0.0
194,1994-07-01,7331.075,6.1,10393.898,,,1052.047,-147.342,3.82,3.245680943,89.0,0.0
195,1994-10-01,7455.288,5.8,10512.962,,,1081.647,-156.058,5.44,3.178740091,92.7,0.0
196,1995-01-01,7522.289,5.6,10550.251,,,1105.38,-161.962,4.94,3.159681044,97.6,0.0
197,1995-04-01,7580.997,5.8,10581.723,,,1115.878,-159.231,6.3,3.322916117,92.5,0.0
198,1995-07-01,7683.125,5.7,10671.738,,,1119.712,-121.666,6.11,3.402097044,94.4,0.0
199,1995-10-01,7772.586,5.5,10744.203,,,1134.024,-121.729,6.2,3.479287466,90.2,0.0
200,1996-01-01,7868.468,5.6,10824.674,,,1170.888,-146.406,4.73,3.294296705,89.3,0.0
201,1996-04-01,8032.84,5.6,11005.217,,,1197.092,-155.958,5.53,3.021419042,92.7,0.0
202,1996-07-01,8131.408,5.5,11103.935,,,1235.904,-186.355,7.8,3.103134864,94.7,0.0
203,1996-10-01,8259.771,5.2,11219.238,,,1260.278,-145.303,5.53,2.957328624,96.5,0.0
204,1997-01-01,8362.655,5.3,11291.665,,,1314.106,-177.951,6.26,2.924852958,97.4,0.0
205,1997-04-01,8518.825,5.1,11479.33,,,1358.212,-176.638,6.18,2.924881516,101.4,0.0
206,1997-07-01,8662.823,4.9,11622.911,,,1408.264,-199.322,6.24,2.764311367,107.1,0.0
207,1997-10-01,8765.907,4.7,11722.722,,,1438.655,-231.397,5.65,2.633884037,105.6,0.0
208,1998-01-01,8866.48,4.6,11839.876,,,1492.613,-279.7,5.84,2.686312997,106.6,0.0
209,1998-04-01,8969.699,4.3,11949.492,,,1526.822,-327.298,5.72,2.650550927,108.7,0.0
210,1998-07-01,9121.097,4.5,12099.191,,,1547.423,-353.478,6.35,2.613395599,105.2,0.0
211,1998-10-01,9293.991,4.5,12294.737,,,1597.507,-359.388,5.73,2.54435291,97.4,0.0
212,1999-01-01,9411.682,4.3,12410.778,,,1642.647,-408.119,4.07,2.3907588,103.9,0.0
213,1999-04-01,9526.21,4.3,12514.408,,,1689.823,-440.213,5.41,2.2358613,104.6,0.0
214,1999-07-01,9686.626,4.3,12679.977,,,1750.911,-463.751,5.76,2.1244533,106.0,0.0
215,1999-10-01,9900.169,4.1,12888.281,,,1795.697,-481.06,5.26,2.0639533,103.2,0.0
216,2000-01-01,10002.179,4.0,12935.252,,,1863.488,-529.823,3.99,2.350195,112.0,0.0
217,2000-04-01,10247.72,3.8,13170.749,,,1922.854,-548.563,6.17,2.4247194,109.2,0.0
218,2000-07-01,10318.165,4.0,13183.89,,,1992.04,-584.71,6.86,2.7240005,108.3,0.0
219,2000-10-01,10435.744,3.9,13262.25,,,1994.953,-601.605,6.6,2.9310365,105.8,0.0
220,2001-01-01,10470.231,4.2,13219.251,,,1969.218,-593.418,5.41,2.8896431,94.7,1.0
221,2001-04-01,10599.0,4.4,13301.394,,,1906.189,-570.756,5.29,3.1007641,88.4,1.0
222,2001-07-01,10598.02,4.6,13248.142,,,1862.95,-595.951,3.95,3.2190557,92.4,1.0
223,2001-10-01,10660.465,5.3,13284.881,,,1843.656,-620.749,3.02,3.4934371,82.7,0.0
224,2002-01-01,10783.5,5.7,13394.91,,2920.485,1896.04,-646.42,1.52,3.5684398,93.0,0.0
225,2002-04-01,10887.46,5.9,13477.356,,2928.602,1959.578,-672.761,1.88,3.4775061,93.0,0.0
226,2002-07-01,10984.04,5.8,13531.741,,2964.792,1984.492,-693.624,1.83,3.2740984,88.1,0.0
227,2002-10-01,11061.433,5.7,13549.421,,2976.59,2020.124,-748.328,1.85,2.9477485,80.6,0.0
228,2003-01-01,11174.129,5.8,13619.434,,2992.972,2011.331,-743.445,1.16,2.7875531,82.4,0.0
229,2003-04-01,11312.766,6.0,13741.107,,3058.219,2040.651,-770.518,1.29,2.4593491,86.0,0.0
230,2003-07-01,11566.669,6.2,13970.157,,3144.202,2072.609,-767.793,1.11,2.237208,90.9,0.0
231,2003-10-01,11772.234,6.0,14131.379,,3172.457,2138.44,-774.94,1.11,2.1611133,89.6,0.0
232,2004-01-01,11923.447,5.7,14212.34,,3208.234,2198.333,-804.023,0.94,1.9607229,103.8,0.0
233,2004-04-01,12112.815,5.6,14323.017,,3219.301,2284.933,-861.424,1.03,2.2577613,94.2,0.0
234,2004-07-01,12305.307,5.5,14457.832,,3264.424,2316.604,-888.426,1.4,2.2638524,96.7,0.0
235,2004-10-01,12527.214,5.5,14605.595,,3308.118,2370.563,-908.482,1.86,2.2372194,91.7,0.0
236,2005-01-01,12767.286,5.3,14767.846,,3333.444,2390.985,-901.463,1.97,2.3158903,95.5,0.0
237,2005-04-01,12922.656,5.2,14839.707,,3382.701,2422.995,-900.249,2.83,2.2397223,87.7,0.0
238,2005-07-01,13142.642,5.0,14956.291,,3414.931,2436.601,-914.168,3.36,2.3010794,96.5,0.0
239,2005-10-01,13324.204,5.0,15041.232,,3407.727,2515.132,-945.519,3.93,2.3253024,74.2,0.0
240,2006-01-01,13599.16,4.7,15244.088,,3478.259,2566.893,-933.699,4.09,2.4510191,91.2,0.0
241,2006-04-01,13753.424,4.7,15281.525,,3483.329,2592.455,-929.023,5.0,2.6806926,87.4,0.0
242,2006-07-01,13870.188,4.7,15304.517,,3513.964,2618.357,-957.134,5.05,3.0939988,84.7,0.0
243,2006-10-01,14039.56,4.4,15433.643,,3563.194,2614.992,-890.73,5.34,3.2911246,93.6,0.0
244,2007-01-01,14215.651,4.6,15478.956,,3588.229,2653.058,-894.609,5.17,3.1457342,96.9,0.0
245,2007-04-01,14402.082,4.5,15577.779,,3596.629,2667.163,-882.099,5.3,2.9667028,87.1,0.0
246,2007-07-01,14564.117,4.7,15671.605,,3619.256,2682.099,-841.261,5.31,2.5346411,90.4,0.0
247,2007-10-01,14715.058,4.7,15767.146,,3626.397,2656.767,-773.705,4.92,2.5033248,80.9,1.0
248,2008-01-01,14706.538,5.0,15702.906,,3566.817,2666.73,-753.684,3.06,2.7470404,78.4,1.0
249,2008-04-01,14865.701,5.0,15792.773,,3561.465,2641.498,-672.294,2.38,2.7251103,62.6,1.0
250,2008-07-01,14898.999,5.8,15709.562,,3486.823,2608.161,-647.799,2.11,3.0142542,61.2,1.0
251,2008-10-01,14608.208,6.5,15366.607,,3380.534,2513.844,-668.863,1.15,2.9291949,57.6,1.0
252,2009-01-01,14430.901,7.8,15187.475,,3381.387,2274.895,-577.258,0.14,2.5522481,61.2,1.0
253,2009-04-01,14381.236,9.0,15161.772,,3359.644,2182.501,-473.669,0.16,2.3761457,65.1,1.0
254,2009-07-01,14448.882,9.5,15216.647,,3418.212,2272.535,-500.532,0.2,1.9228669,66.0,0.0
255,2009-10-01,14651.248,10.0,15379.155,,3399.911,2385.074,-513.589,0.11,1.5209969,70.6,0.0
256,2010-01-01,14764.611,9.8,15456.059,,3425.486,2448.044,-531.806,0.05,1.1770019,74.4,0.0
257,2010-04-01,14980.193,9.9,15605.628,,3472.184,2559.69,-601.323,0.17,0.87602978,72.2,0.0
258,2010-07-01,15141.605,9.4,15726.282,,3498.301,2649.148,-634.916,0.17,0.74959322,67.8,0.0
259,2010-10-01,15309.471,9.4,15807.995,,3546.923,2658.885,-589.536,0.2,0.67526624,67.7,0.0
260,2011-01-01,15351.444,9.1,15769.911,,3564.614,2671.872,-584.812,0.13,0.96003713,74.2,0.0
261,2011-04-01,15557.535,9.1,15876.839,,3551.471,2681.865,-559.544,0.11,1.21555,69.8,0.0
262,2011-07-01,15647.681,9.0,15870.684,,3552.737,2711.619,-560.145,0.08,1.4236275,63.7,0.0
263,2011-10-01,15842.267,8.8,16048.702,,3578.424,2747.221,-579.569,0.06,1.8413647,60.8,0.0
264,2012-01-01,16068.824,8.3,16179.968,,3623.765,2760.748,-566.662,0.04,2.1159285,75.0,0.0
265,2012-04-01,16207.13,8.2,16253.726,,3623.125,2771.011,-555.258,0.09,2.1937928,76.4,0.0
266,2012-07-01,16319.54,8.2,16282.151,,3639.082,2785.883,-556.53,0.09,2.2616531,72.3,0.0
267,2012-10-01,16420.386,7.8,16300.035,,3664.985,2759.627,-528.02,0.15,2.2070705,82.6,0.0
268,2013-01-01,16629.05,8.0,16441.485,,3727.981,2757.265,-514.957,0.09,2.0682971,73.8,0.0
269,2013-04-01,16699.551,7.6,16464.402,,3730.66,2797.3,-534.776,0.16,1.9354319,76.4,0.0
270,2013-07-01,16911.068,7.3,16594.743,,3757.419,2817.399,-535.42,0.1,1.867879,85.1,0.0
271,2013-10-01,17133.114,7.2,16712.76,1695.0,3792.837,2839.671,-492.092,0.08,1.8687356,73.2,0.0
272,2014-01-01,17144.281,6.6,16654.247,,3818.065,2876.337,-551.529,0.07,1.8218145,81.2,0.0
273,2014-04-01,17462.703,6.2,16868.109,1885.52,3886.684,2941.839,-566.717,0.08,2.0251612,84.1,0.0
274,2014-07-01,17743.227,6.2,17064.616,1973.32,3931.456,2947.352,-562.572,0.1,2.1008094,81.8,0.0
275,2014-10-01,17852.54,5.7,17141.235,1946.16,3984.35,3024.682,-620.252,0.09,2.0060187,86.9,0.0
276,2015-01-01,17991.348,5.7,17280.647,,4031.984,3068.49,-683.646,0.06,1.985653,98.1,0.0
277,2015-04-01,18193.707,5.4,17380.875,2059.69,4074.697,3091.083,-699.938,0.12,2.0631236,95.9,0.0
278,2015-07-01,18306.96,5.2,17437.08,2077.42,4120.416,3117.762,-746.557,0.13,2.1414477,93.1,0.0
279,2015-10-01,18332.079,5.0,17462.579,1923.82,4136.454,3124.356,-756.689,0.13,2.3462109,90.0,0.0
280,2016-01-01,18425.306,4.8,17565.465,,4177.89,3119.978,-759.273,0.2,2.4667222,92.0,0.0
281,2016-04-01,18611.617,5.1,17618.581,2072.78,4214.349,3123.245,-744.633,0.37,2.537996,89.0,0.0
282,2016-07-01,18775.459,4.8,17724.489,2102.95,4255.88,3145.977,-730.425,0.41,2.5758512,90.0,0.0
283,2016-10-01,18968.041,4.9,17812.56,,4278.731,3192.525,-793.973,0.29,2.5095184,87.2,0.0
284,2017-01-01,19148.194,4.7,17889.094,,4313.549,3241.836,-781.081,0.55,2.661562,98.5,0.0
285,2017-04-01,19304.506,4.4,17979.218,,4358.547,3273.403,-804.456,0.82,2.25217,97.0,0.0
286,2017-07-01,19561.896,4.3,18127.994,,4409.269,3270.757,-787.29,1.06,2.146769,93.4,0.0
287,2017-10-01,19894.75,4.2,18310.3,,4501.929,3362.957,-814.959,1.06,2.192819,100.7,0.0
288,2018-01-01,20155.486,4.0,18437.127,,4514.018,3391.258,-826.597,1.33,2.166305,95.7,0.0
289,2018-04-01,20470.197,4.0,18565.697,,4548.336,3395.283,-816.673,1.67,2.493423,98.8,0.0
290,2018-07-01,20687.278,3.8,18699.748,,4586.995,3441.068,-896.516,1.91,2.519634,97.9,0.0
291,2018-10-01,20819.269,3.8,18733.741,2924.59,4624.071,3474.268,-921.831,2.18,2.414988,98.6,0.0
292,2019-01-01,21013.085,4.0,18835.411,,4623.552,3485.931,-903.646,2.4,2.385533,91.2,0.0
293,2019-04-01,21272.448,3.6,18962.175,2867.19,4685.461,3491.751,-924.47,2.41,2.407927,97.2,0.0
294,2019-07-01,21531.839,3.7,19130.932,2964.33,4751.964,3476.382,-909.372,2.39,2.460848,98.4,0.0
295,2019-10-01,21706.532,3.6,19215.691,2940.25,4785.223,3404.66,-832.815,1.88,2.733341,95.5,0.0
296,2020-01-01,21538.032,3.5,18989.877,,4785.022,3295.493,-828.189,1.55,2.797067,99.8,1.0
297,2020-04-01,19636.731,14.7,17378.712,2470.5,4651.091,2718.619,-767.251,0.06,2.226352,71.8,1.0
298,2020-07-01,21362.428,10.2,18743.72,3115.86,5191.262,3184.18,-991.147,0.08,2.348857,72.5,0.0
299,2020-10-01,21704.706,6.9,18924.262,3380.8,5195.517,3419.001,-1103.967,0.09,1.842159,81.8,0.0
300,2021-01-01,22313.85,6.3,19216.224,,5496.466,3482.035,-1164.529,0.09,1.517012,79.0,0.0
301,2021-04-01,23046.934,6.1,19544.248,4019.87,5649.883,3549.002,-1203.87,0.07,2.262331,88.3,0.0
302,2021-07-01,23550.42,5.4,19672.594,4319.94,5534.607,3606.283,-1267.458,0.1,2.315464,81.2,0.0
303,2021-10-01,24349.121,4.5,20006.181,4357.04,5566.74,3763.316,-1297.645,0.08,3.035619,71.7,0.0
304,2022-01-01,24740.48,4.0,19924.088,,5565.721,3925.633,-1488.699,0.07,3.988659,67.2,0.0
305,2022-04-01,25248.476,3.6,19895.271,4545.86,5529.616,3947.472,-1430.544,0.33,4.721803,65.2,0.0
306,2022-07-01,25723.941,3.5,20054.663,3825.33,5524.52,3872.908,-1268.77,1.58,5.625329,51.5,0.0
307,2022-10-01,26137.992,3.7,20182.491,,5523.592,3818.173,-1238.615,3.08,6.364809,59.9,0.0
308,2023-01-01,26529.774,3.4,20282.76,,5604.95,3836.839,-1208.397,4.33,6.554492474,64.9,
