,Date,MarketPrice
0,2013-04-30,1597.57
1,2013-05-01,1582.7
2,2013-05-02,1597.59
3,2013-05-03,1614.42
4,2013-05-06,1617.5
5,2013-05-07,1625.96
6,2013-05-08,1632.69
7,2013-05-09,1626.67
8,2013-05-10,1633.7
9,2013-05-13,1633.77
10,2013-05-14,1650.34
11,2013-05-15,1658.78
12,2013-05-16,1650.47
13,2013-05-17,1667.47
14,2013-05-20,1666.29
15,2013-05-21,1669.16
16,2013-05-22,1655.35
17,2013-05-23,1650.51
18,2013-05-24,1649.6
19,2013-05-27,
20,2013-05-28,1660.06
21,2013-05-29,1648.36
22,2013-05-30,1654.41
23,2013-05-31,1630.74
24,2013-06-03,1640.42
25,2013-06-04,1631.38
26,2013-06-05,1608.9
27,2013-06-06,1622.56
28,2013-06-07,1643.38
29,2013-06-10,1642.81
30,2013-06-11,1626.13
31,2013-06-12,1612.52
32,2013-06-13,1636.36
33,2013-06-14,1626.73
34,2013-06-17,1639.04
35,2013-06-18,1651.81
36,2013-06-19,1628.93
37,2013-06-20,1588.19
38,2013-06-21,1592.43
39,2013-06-24,1573.09
40,2013-06-25,1588.03
41,2013-06-26,1603.26
42,2013-06-27,1613.2
43,2013-06-28,1606.28
44,2013-07-01,1614.96
45,2013-07-02,1614.08
46,2013-07-03,1615.41
47,2013-07-04,
48,2013-07-05,1631.89
49,2013-07-08,1640.46
50,2013-07-09,1652.32
51,2013-07-10,1652.62
52,2013-07-11,1675.02
53,2013-07-12,1680.19
54,2013-07-15,1682.5
55,2013-07-16,1676.26
56,2013-07-17,1680.91
57,2013-07-18,1689.37
58,2013-07-19,1692.09
59,2013-07-22,1695.53
60,2013-07-23,1692.39
61,2013-07-24,1685.94
62,2013-07-25,1690.25
63,2013-07-26,1691.65
64,2013-07-29,1685.33
65,2013-07-30,1685.96
66,2013-07-31,1685.73
67,2013-08-01,1706.87
68,2013-08-02,1709.67
69,2013-08-05,1707.14
70,2013-08-06,1697.37
71,2013-08-07,1690.91
72,2013-08-08,1697.48
73,2013-08-09,1691.42
74,2013-08-12,1689.47
75,2013-08-13,1694.16
76,2013-08-14,1685.39
77,2013-08-15,1661.32
78,2013-08-16,1655.83
79,2013-08-19,1646.06
80,2013-08-20,1652.35
81,2013-08-21,1642.8
82,2013-08-22,1656.96
83,2013-08-23,1663.5
84,2013-08-26,1656.78
85,2013-08-27,1630.48
86,2013-08-28,1634.96
87,2013-08-29,1638.17
88,2013-08-30,1632.97
89,2013-09-02,
90,2013-09-03,1639.77
91,2013-09-04,1653.08
92,2013-09-05,1655.08
93,2013-09-06,1655.17
94,2013-09-09,1671.71
95,2013-09-10,1683.99
96,2013-09-11,1689.13
97,2013-09-12,1683.42
98,2013-09-13,1687.99
99,2013-09-16,1697.6
100,2013-09-17,1704.76
101,2013-09-18,1725.52
102,2013-09-19,1722.34
103,2013-09-20,1709.91
104,2013-09-23,1701.84
105,2013-09-24,1697.42
106,2013-09-25,1692.77
107,2013-09-26,1698.67
108,2013-09-27,1691.75
109,2013-09-30,1681.55
110,2013-10-01,1695.0
111,2013-10-02,1693.87
112,2013-10-03,1678.66
113,2013-10-04,1690.5
114,2013-10-07,1676.12
115,2013-10-08,1655.45
116,2013-10-09,1656.4
117,2013-10-10,1692.56
118,2013-10-11,1703.2
119,2013-10-14,1710.14
120,2013-10-15,1698.06
121,2013-10-16,1721.54
122,2013-10-17,1733.15
123,2013-10-18,1744.5
124,2013-10-21,1744.66
125,2013-10-22,1754.67
126,2013-10-23,1746.38
127,2013-10-24,1752.07
128,2013-10-25,1759.77
129,2013-10-28,1762.11
130,2013-10-29,1771.95
131,2013-10-30,1763.31
132,2013-10-31,1756.54
133,2013-11-01,1761.64
134,2013-11-04,1767.93
135,2013-11-05,1762.97
136,2013-11-06,1770.49
137,2013-11-07,1747.15
138,2013-11-08,1770.61
139,2013-11-11,1771.89
140,2013-11-12,1767.69
141,2013-11-13,1782.0
142,2013-11-14,1790.62
143,2013-11-15,1798.18
144,2013-11-18,1791.53
145,2013-11-19,1787.87
146,2013-11-20,1781.37
147,2013-11-21,1795.85
148,2013-11-22,1804.76
149,2013-11-25,1802.48
150,2013-11-26,1802.75
151,2013-11-27,1807.23
152,2013-11-28,
153,2013-11-29,1805.81
154,2013-12-02,1800.9
155,2013-12-03,1795.15
156,2013-12-04,1792.81
157,2013-12-05,1785.03
158,2013-12-06,1805.09
159,2013-12-09,1808.37
160,2013-12-10,1802.62
161,2013-12-11,1782.22
162,2013-12-12,1775.5
163,2013-12-13,1775.32
164,2013-12-16,1786.54
165,2013-12-17,1781.0
166,2013-12-18,1810.65
167,2013-12-19,1809.6
168,2013-12-20,1818.32
169,2013-12-23,1827.99
170,2013-12-24,1833.32
171,2013-12-25,
172,2013-12-26,1842.02
173,2013-12-27,1841.4
174,2013-12-30,1841.07
175,2013-12-31,1848.36
176,2014-01-01,
177,2014-01-02,1831.98
178,2014-01-03,1831.37
179,2014-01-06,1826.77
180,2014-01-07,1837.88
181,2014-01-08,1837.49
182,2014-01-09,1838.13
183,2014-01-10,1842.37
184,2014-01-13,1819.2
185,2014-01-14,1838.88
186,2014-01-15,1848.38
187,2014-01-16,1845.89
188,2014-01-17,1838.7
189,2014-01-20,
190,2014-01-21,1843.8
191,2014-01-22,1844.86
192,2014-01-23,1828.46
193,2014-01-24,1790.29
194,2014-01-27,1781.56
195,2014-01-28,1792.5
196,2014-01-29,1774.2
197,2014-01-30,1794.19
198,2014-01-31,1782.59
199,2014-02-03,1741.89
200,2014-02-04,1755.2
201,2014-02-05,1751.64
202,2014-02-06,1773.43
203,2014-02-07,1797.02
204,2014-02-10,1799.84
205,2014-02-11,1819.75
206,2014-02-12,1819.26
207,2014-02-13,1829.83
208,2014-02-14,1838.63
209,2014-02-17,
210,2014-02-18,1840.76
211,2014-02-19,1828.75
212,2014-02-20,1839.78
213,2014-02-21,1836.25
214,2014-02-24,1847.61
215,2014-02-25,1845.12
216,2014-02-26,1845.16
217,2014-02-27,1854.29
218,2014-02-28,1859.45
219,2014-03-03,1845.73
220,2014-03-04,1873.91
221,2014-03-05,1873.81
222,2014-03-06,1877.03
223,2014-03-07,1878.04
224,2014-03-10,1877.17
225,2014-03-11,1867.63
226,2014-03-12,1868.2
227,2014-03-13,1846.34
228,2014-03-14,1841.13
229,2014-03-17,1858.83
230,2014-03-18,1872.25
231,2014-03-19,1860.77
232,2014-03-20,1872.01
233,2014-03-21,1866.52
234,2014-03-24,1857.44
235,2014-03-25,1865.62
236,2014-03-26,1852.56
237,2014-03-27,1849.04
238,2014-03-28,1857.62
239,2014-03-31,1872.34
240,2014-04-01,1885.52
241,2014-04-02,1890.9
242,2014-04-03,1888.77
243,2014-04-04,1865.09
244,2014-04-07,1845.04
245,2014-04-08,1851.96
246,2014-04-09,1872.18
247,2014-04-10,1833.08
248,2014-04-11,1815.69
249,2014-04-14,1830.61
250,2014-04-15,1842.98
251,2014-04-16,1862.31
252,2014-04-17,1864.85
253,2014-04-18,
254,2014-04-21,1871.89
255,2014-04-22,1879.55
256,2014-04-23,1875.39
257,2014-04-24,1878.61
258,2014-04-25,1863.4
259,2014-04-28,1869.43
260,2014-04-29,1878.33
261,2014-04-30,1883.95
262,2014-05-01,1883.68
263,2014-05-02,1881.14
264,2014-05-05,1884.66
265,2014-05-06,1867.72
266,2014-05-07,1878.21
267,2014-05-08,1875.63
268,2014-05-09,1878.48
269,2014-05-12,1896.65
270,2014-05-13,1897.45
271,2014-05-14,1888.53
272,2014-05-15,1870.85
273,2014-05-16,1877.86
274,2014-05-19,1885.08
275,2014-05-20,1872.83
276,2014-05-21,1888.03
277,2014-05-22,1892.49
278,2014-05-23,1900.53
279,2014-05-26,
280,2014-05-27,1911.91
281,2014-05-28,1909.78
282,2014-05-29,1920.03
283,2014-05-30,1923.57
284,2014-06-02,1924.97
285,2014-06-03,1924.24
286,2014-06-04,1927.88
287,2014-06-05,1940.46
288,2014-06-06,1949.44
289,2014-06-09,1951.27
290,2014-06-10,1950.79
291,2014-06-11,1943.89
292,2014-06-12,1930.11
293,2014-06-13,1936.16
294,2014-06-16,1937.78
295,2014-06-17,1941.99
296,2014-06-18,1956.98
297,2014-06-19,1959.48
298,2014-06-20,1962.87
299,2014-06-23,1962.61
300,2014-06-24,1949.98
301,2014-06-25,1959.53
302,2014-06-26,1957.22
303,2014-06-27,1960.96
304,2014-06-30,1960.23
305,2014-07-01,1973.32
306,2014-07-02,1974.62
307,2014-07-03,1985.44
308,2014-07-04,
309,2014-07-07,1977.65
310,2014-07-08,1963.71
311,2014-07-09,1972.83
312,2014-07-10,1964.68
313,2014-07-11,1967.57
314,2014-07-14,1977.1
315,2014-07-15,1973.28
316,2014-07-16,1981.57
317,2014-07-17,1958.12
318,2014-07-18,1978.22
319,2014-07-21,1973.63
320,2014-07-22,1983.53
321,2014-07-23,1987.01
322,2014-07-24,1987.98
323,2014-07-25,1978.34
324,2014-07-28,1978.91
325,2014-07-29,1969.95
326,2014-07-30,1970.07
327,2014-07-31,1930.67
328,2014-08-01,1925.15
329,2014-08-04,1938.99
330,2014-08-05,1920.21
331,2014-08-06,1920.24
332,2014-08-07,1909.57
333,2014-08-08,1931.59
334,2014-08-11,1936.92
335,2014-08-12,1933.75
336,2014-08-13,1946.72
337,2014-08-14,1955.18
338,2014-08-15,1955.06
339,2014-08-18,1971.74
340,2014-08-19,1981.6
341,2014-08-20,1986.51
342,2014-08-21,1992.37
343,2014-08-22,1988.4
344,2014-08-25,1997.92
345,2014-08-26,2000.02
346,2014-08-27,2000.12
347,2014-08-28,1996.74
348,2014-08-29,2003.37
349,2014-09-01,
350,2014-09-02,2002.28
351,2014-09-03,2000.72
352,2014-09-04,1997.65
353,2014-09-05,2007.71
354,2014-09-08,2001.54
355,2014-09-09,1988.44
356,2014-09-10,1995.69
357,2014-09-11,1997.45
358,2014-09-12,1985.54
359,2014-09-15,1984.13
360,2014-09-16,1998.98
361,2014-09-17,2001.57
362,2014-09-18,2011.36
363,2014-09-19,2010.4
364,2014-09-22,1994.29
365,2014-09-23,1982.77
366,2014-09-24,1998.3
367,2014-09-25,1965.99
368,2014-09-26,1982.85
369,2014-09-29,1977.8
370,2014-09-30,1972.29
371,2014-10-01,1946.16
372,2014-10-02,1946.17
373,2014-10-03,1967.9
374,2014-10-06,1964.82
375,2014-10-07,1935.1
376,2014-10-08,1968.89
377,2014-10-09,1928.21
378,2014-10-10,1906.13
379,2014-10-13,1874.74
380,2014-10-14,1877.7
381,2014-10-15,1862.49
382,2014-10-16,1862.76
383,2014-10-17,1886.76
384,2014-10-20,1904.01
385,2014-10-21,1941.28
386,2014-10-22,1927.11
387,2014-10-23,1950.82
388,2014-10-24,1964.58
389,2014-10-27,1961.63
390,2014-10-28,1985.05
391,2014-10-29,1982.3
392,2014-10-30,1994.65
393,2014-10-31,2018.05
394,2014-11-03,2017.81
395,2014-11-04,2012.1
396,2014-11-05,2023.57
397,2014-11-06,2031.21
398,2014-11-07,2031.92
399,2014-11-10,2038.26
400,2014-11-11,2039.68
401,2014-11-12,2038.25
402,2014-11-13,2039.33
403,2014-11-14,2039.82
404,2014-11-17,2041.32
405,2014-11-18,2051.8
406,2014-11-19,2048.72
407,2014-11-20,2052.75
408,2014-11-21,2063.5
409,2014-11-24,2069.41
410,2014-11-25,2067.03
411,2014-11-26,2072.83
412,2014-11-27,
413,2014-11-28,2067.56
414,2014-12-01,2053.44
415,2014-12-02,2066.55
416,2014-12-03,2074.33
417,2014-12-04,2071.92
418,2014-12-05,2075.37
419,2014-12-08,2060.31
420,2014-12-09,2059.82
421,2014-12-10,2026.14
422,2014-12-11,2035.33
423,2014-12-12,2002.33
424,2014-12-15,1989.63
425,2014-12-16,1972.74
426,2014-12-17,2012.89
427,2014-12-18,2061.23
428,2014-12-19,2070.65
429,2014-12-22,2078.54
430,2014-12-23,2082.17
431,2014-12-24,2081.88
432,2014-12-25,
433,2014-12-26,2088.77
434,2014-12-29,2090.57
435,2014-12-30,2080.35
436,2014-12-31,2058.9
437,2015-01-01,
438,2015-01-02,2058.2
439,2015-01-05,2020.58
440,2015-01-06,2002.61
441,2015-01-07,2025.9
442,2015-01-08,2062.14
443,2015-01-09,2044.81
444,2015-01-12,2028.26
445,2015-01-13,2023.03
446,2015-01-14,2011.27
447,2015-01-15,1992.67
448,2015-01-16,2019.42
449,2015-01-19,
450,2015-01-20,2022.55
451,2015-01-21,2032.12
452,2015-01-22,2063.15
453,2015-01-23,2051.82
454,2015-01-26,2057.09
455,2015-01-27,2029.55
456,2015-01-28,2002.16
457,2015-01-29,2021.25
458,2015-01-30,1994.99
459,2015-02-02,2020.85
460,2015-02-03,2050.03
461,2015-02-04,2041.51
462,2015-02-05,2062.52
463,2015-02-06,2055.47
464,2015-02-09,2046.74
465,2015-02-10,2068.59
466,2015-02-11,2068.53
467,2015-02-12,2088.48
468,2015-02-13,2096.99
469,2015-02-16,
470,2015-02-17,2100.34
471,2015-02-18,2099.68
472,2015-02-19,2097.45
473,2015-02-20,2110.3
474,2015-02-23,2109.66
475,2015-02-24,2115.48
476,2015-02-25,2113.86
477,2015-02-26,2110.74
478,2015-02-27,2104.5
479,2015-03-02,2117.39
480,2015-03-03,2107.78
481,2015-03-04,2098.53
482,2015-03-05,2101.04
483,2015-03-06,2071.26
484,2015-03-09,2079.43
485,2015-03-10,2044.16
486,2015-03-11,2040.24
487,2015-03-12,2065.95
488,2015-03-13,2053.4
489,2015-03-16,2081.19
490,2015-03-17,2074.28
491,2015-03-18,2099.5
492,2015-03-19,2089.27
493,2015-03-20,2108.1
494,2015-03-23,2104.42
495,2015-03-24,2091.5
496,2015-03-25,2061.05
497,2015-03-26,2056.15
498,2015-03-27,2061.02
499,2015-03-30,2086.24
500,2015-03-31,2067.89
501,2015-04-01,2059.69
502,2015-04-02,2066.96
503,2015-04-03,
504,2015-04-06,2080.62
505,2015-04-07,2076.33
506,2015-04-08,2081.9
507,2015-04-09,2091.18
508,2015-04-10,2102.06
509,2015-04-13,2092.43
510,2015-04-14,2095.84
511,2015-04-15,2106.63
512,2015-04-16,2104.99
513,2015-04-17,2081.18
514,2015-04-20,2100.4
515,2015-04-21,2097.29
516,2015-04-22,2107.96
517,2015-04-23,2112.93
518,2015-04-24,2117.69
519,2015-04-27,2108.92
520,2015-04-28,2114.76
521,2015-04-29,2106.85
522,2015-04-30,2085.51
523,2015-05-01,2108.29
524,2015-05-04,2114.49
525,2015-05-05,2089.46
526,2015-05-06,2080.15
527,2015-05-07,2088.0
528,2015-05-08,2116.1
529,2015-05-11,2105.33
530,2015-05-12,2099.12
531,2015-05-13,2098.48
532,2015-05-14,2121.1
533,2015-05-15,2122.73
534,2015-05-18,2129.2
535,2015-05-19,2127.83
536,2015-05-20,2125.85
537,2015-05-21,2130.82
538,2015-05-22,2126.06
539,2015-05-25,
540,2015-05-26,2104.2
541,2015-05-27,2123.48
542,2015-05-28,2120.79
543,2015-05-29,2107.39
544,2015-06-01,2111.73
545,2015-06-02,2109.6
546,2015-06-03,2114.07
547,2015-06-04,2095.84
548,2015-06-05,2092.83
549,2015-06-08,2079.28
550,2015-06-09,2080.15
551,2015-06-10,2105.2
552,2015-06-11,2108.86
553,2015-06-12,2094.11
554,2015-06-15,2084.43
555,2015-06-16,2096.29
556,2015-06-17,2100.44
557,2015-06-18,2121.24
558,2015-06-19,2109.99
559,2015-06-22,2122.85
560,2015-06-23,2124.2
561,2015-06-24,2108.58
562,2015-06-25,2102.31
563,2015-06-26,2101.49
564,2015-06-29,2057.64
565,2015-06-30,2063.11
566,2015-07-01,2077.42
567,2015-07-02,2076.78
568,2015-07-03,
569,2015-07-06,2068.76
570,2015-07-07,2081.34
571,2015-07-08,2046.68
572,2015-07-09,2051.31
573,2015-07-10,2076.62
574,2015-07-13,2099.6
575,2015-07-14,2108.95
576,2015-07-15,2107.4
577,2015-07-16,2124.29
578,2015-07-17,2126.64
579,2015-07-20,2128.28
580,2015-07-21,2119.21
581,2015-07-22,2114.15
582,2015-07-23,2102.15
583,2015-07-24,2079.65
584,2015-07-27,2067.64
585,2015-07-28,2093.25
586,2015-07-29,2108.57
587,2015-07-30,2108.63
588,2015-07-31,2103.84
589,2015-08-03,2098.04
590,2015-08-04,2093.32
591,2015-08-05,2099.84
592,2015-08-06,2083.56
593,2015-08-07,2077.57
594,2015-08-10,2104.18
595,2015-08-11,2084.07
596,2015-08-12,2086.05
597,2015-08-13,2083.39
598,2015-08-14,2091.54
599,2015-08-17,2102.44
600,2015-08-18,2096.92
601,2015-08-19,2079.61
602,2015-08-20,2035.73
603,2015-08-21,1970.89
604,2015-08-24,1893.21
605,2015-08-25,1867.61
606,2015-08-26,1940.51
607,2015-08-27,1987.66
608,2015-08-28,1988.87
609,2015-08-31,1972.18
610,2015-09-01,1913.85
611,2015-09-02,1948.86
612,2015-09-03,1951.13
613,2015-09-04,1921.22
614,2015-09-07,
615,2015-09-08,1969.41
616,2015-09-09,1942.04
617,2015-09-10,1952.29
618,2015-09-11,1961.05
619,2015-09-14,1953.03
620,2015-09-15,1978.09
621,2015-09-16,1995.31
622,2015-09-17,1990.2
623,2015-09-18,1958.03
624,2015-09-21,1966.97
625,2015-09-22,1942.74
626,2015-09-23,1938.76
627,2015-09-24,1932.24
628,2015-09-25,1931.34
629,2015-09-28,1881.77
630,2015-09-29,1884.09
631,2015-09-30,1920.03
632,2015-10-01,1923.82
633,2015-10-02,1951.36
634,2015-10-05,1987.05
635,2015-10-06,1979.92
636,2015-10-07,1995.83
637,2015-10-08,2013.43
638,2015-10-09,2014.89
639,2015-10-12,2017.46
640,2015-10-13,2003.69
641,2015-10-14,1994.24
642,2015-10-15,2023.86
643,2015-10-16,2033.11
644,2015-10-19,2033.66
645,2015-10-20,2030.77
646,2015-10-21,2018.94
647,2015-10-22,2052.51
648,2015-10-23,2075.15
649,2015-10-26,2071.18
650,2015-10-27,2065.89
651,2015-10-28,2090.35
652,2015-10-29,2089.41
653,2015-10-30,2079.36
654,2015-11-02,2104.05
655,2015-11-03,2109.79
656,2015-11-04,2102.31
657,2015-11-05,2099.93
658,2015-11-06,2099.2
659,2015-11-09,2078.58
660,2015-11-10,2081.72
661,2015-11-11,2075.0
662,2015-11-12,2045.97
663,2015-11-13,2023.04
664,2015-11-16,2053.19
665,2015-11-17,2050.44
666,2015-11-18,2083.58
667,2015-11-19,2081.24
668,2015-11-20,2089.17
669,2015-11-23,2086.59
670,2015-11-24,2089.14
671,2015-11-25,2088.87
672,2015-11-26,
673,2015-11-27,2090.11
674,2015-11-30,2080.41
675,2015-12-01,2102.63
676,2015-12-02,2079.51
677,2015-12-03,2049.62
678,2015-12-04,2091.69
679,2015-12-07,2077.07
680,2015-12-08,2063.59
681,2015-12-09,2047.62
682,2015-12-10,2052.23
683,2015-12-11,2012.37
684,2015-12-14,2021.94
685,2015-12-15,2043.41
686,2015-12-16,2073.07
687,2015-12-17,2041.89
688,2015-12-18,2005.55
689,2015-12-21,2021.15
690,2015-12-22,2038.97
691,2015-12-23,2064.29
692,2015-12-24,2060.99
693,2015-12-25,
694,2015-12-28,2056.5
695,2015-12-29,2078.36
696,2015-12-30,2063.36
697,2015-12-31,2043.94
698,2016-01-01,
699,2016-01-04,2012.66
700,2016-01-05,2016.71
701,2016-01-06,1990.26
702,2016-01-07,1943.09
703,2016-01-08,1922.03
704,2016-01-11,1923.67
705,2016-01-12,1938.68
706,2016-01-13,1890.28
707,2016-01-14,1921.84
708,2016-01-15,1880.33
709,2016-01-18,
710,2016-01-19,1881.33
711,2016-01-20,1859.33
712,2016-01-21,1868.99
713,2016-01-22,1906.9
714,2016-01-25,1877.08
715,2016-01-26,1903.63
716,2016-01-27,1882.95
717,2016-01-28,1893.36
718,2016-01-29,1940.24
719,2016-02-01,1939.38
720,2016-02-02,1903.03
721,2016-02-03,1912.53
722,2016-02-04,1915.45
723,2016-02-05,1880.05
724,2016-02-08,1853.44
725,2016-02-09,1852.21
726,2016-02-10,1851.86
727,2016-02-11,1829.08
728,2016-02-12,1864.78
729,2016-02-15,
730,2016-02-16,1895.58
731,2016-02-17,1926.82
732,2016-02-18,1917.83
733,2016-02-19,1917.78
734,2016-02-22,1945.5
735,2016-02-23,1921.27
736,2016-02-24,1929.8
737,2016-02-25,1951.7
738,2016-02-26,1948.05
739,2016-02-29,1932.23
740,2016-03-01,1978.35
741,2016-03-02,1986.45
742,2016-03-03,1993.4
743,2016-03-04,1999.99
744,2016-03-07,2001.76
745,2016-03-08,1979.26
746,2016-03-09,1989.26
747,2016-03-10,1989.57
748,2016-03-11,2022.19
749,2016-03-14,2019.64
750,2016-03-15,2015.93
751,2016-03-16,2027.22
752,2016-03-17,2040.59
753,2016-03-18,2049.58
754,2016-03-21,2051.6
755,2016-03-22,2049.8
756,2016-03-23,2036.71
757,2016-03-24,2035.94
758,2016-03-25,
759,2016-03-28,2037.05
760,2016-03-29,2055.01
761,2016-03-30,2063.95
762,2016-03-31,2059.74
763,2016-04-01,2072.78
764,2016-04-04,2066.13
765,2016-04-05,2045.17
766,2016-04-06,2066.66
767,2016-04-07,2041.91
768,2016-04-08,2047.6
769,2016-04-11,2041.99
770,2016-04-12,2061.72
771,2016-04-13,2082.42
772,2016-04-14,2082.78
773,2016-04-15,2080.73
774,2016-04-18,2094.34
775,2016-04-19,2100.8
776,2016-04-20,2102.4
777,2016-04-21,2091.48
778,2016-04-22,2091.58
779,2016-04-25,2087.79
780,2016-04-26,2091.7
781,2016-04-27,2095.15
782,2016-04-28,2075.81
783,2016-04-29,2065.3
784,2016-05-02,2081.43
785,2016-05-03,2063.37
786,2016-05-04,2051.12
787,2016-05-05,2050.63
788,2016-05-06,2057.14
789,2016-05-09,2058.69
790,2016-05-10,2084.39
791,2016-05-11,2064.46
792,2016-05-12,2064.11
793,2016-05-13,2046.61
794,2016-05-16,2066.66
795,2016-05-17,2047.21
796,2016-05-18,2047.63
797,2016-05-19,2040.04
798,2016-05-20,2052.32
799,2016-05-23,2048.04
800,2016-05-24,2076.06
801,2016-05-25,2090.54
802,2016-05-26,2090.1
803,2016-05-27,2099.06
804,2016-05-30,
805,2016-05-31,2096.96
806,2016-06-01,2099.33
807,2016-06-02,2105.26
808,2016-06-03,2099.13
809,2016-06-06,2109.41
810,2016-06-07,2112.13
811,2016-06-08,2119.12
812,2016-06-09,2115.48
813,2016-06-10,2096.07
814,2016-06-13,2079.06
815,2016-06-14,2075.32
816,2016-06-15,2071.5
817,2016-06-16,2077.99
818,2016-06-17,2071.22
819,2016-06-20,2083.25
820,2016-06-21,2088.9
821,2016-06-22,2085.45
822,2016-06-23,2113.32
823,2016-06-24,2037.41
824,2016-06-27,2000.54
825,2016-06-28,2036.09
826,2016-06-29,2070.77
827,2016-06-30,2098.86
828,2016-07-01,2102.95
829,2016-07-04,
830,2016-07-05,2088.55
831,2016-07-06,2099.73
832,2016-07-07,2097.9
833,2016-07-08,2129.9
834,2016-07-11,2137.16
835,2016-07-12,2152.14
836,2016-07-13,2152.43
837,2016-07-14,2163.75
838,2016-07-15,2161.74
839,2016-07-18,2166.89
840,2016-07-19,2163.78
841,2016-07-20,2173.02
842,2016-07-21,2165.17
843,2016-07-22,2175.03
844,2016-07-25,2168.48
845,2016-07-26,2169.18
846,2016-07-27,2166.58
847,2016-07-28,2170.06
848,2016-07-29,2173.6
849,2016-08-01,2170.84
850,2016-08-02,2157.03
851,2016-08-03,2163.79
852,2016-08-04,2164.25
853,2016-08-05,2182.87
854,2016-08-08,2180.89
855,2016-08-09,2181.74
856,2016-08-10,2175.49
857,2016-08-11,2185.79
858,2016-08-12,2184.05
859,2016-08-15,2190.15
860,2016-08-16,2178.15
861,2016-08-17,2182.22
862,2016-08-18,2187.02
863,2016-08-19,2183.87
864,2016-08-22,2182.64
865,2016-08-23,2186.9
866,2016-08-24,2175.44
867,2016-08-25,2172.47
868,2016-08-26,2169.04
869,2016-08-29,2180.38
870,2016-08-30,2176.12
871,2016-08-31,2170.95
872,2016-09-01,2170.86
873,2016-09-02,2179.98
874,2016-09-05,
875,2016-09-06,2186.48
876,2016-09-07,2186.16
877,2016-09-08,2181.3
878,2016-09-09,2127.81
879,2016-09-12,2159.04
880,2016-09-13,2127.02
881,2016-09-14,2125.77
882,2016-09-15,2147.26
883,2016-09-16,2139.16
884,2016-09-19,2139.12
885,2016-09-20,2139.76
886,2016-09-21,2163.12
887,2016-09-22,2177.18
888,2016-09-23,2164.69
889,2016-09-26,2146.1
890,2016-09-27,2159.93
891,2016-09-28,2171.37
892,2016-09-29,2151.13
893,2016-09-30,2168.27
894,2016-10-03,2161.2
895,2016-10-04,2150.49
896,2016-10-05,2159.73
897,2016-10-06,2160.77
898,2016-10-07,2153.74
899,2016-10-10,2163.66
900,2016-10-11,2136.73
901,2016-10-12,2139.18
902,2016-10-13,2132.55
903,2016-10-14,2132.98
904,2016-10-17,2126.5
905,2016-10-18,2139.6
906,2016-10-19,2144.29
907,2016-10-20,2141.34
908,2016-10-21,2141.16
909,2016-10-24,2151.33
910,2016-10-25,2143.16
911,2016-10-26,2139.43
912,2016-10-27,2133.04
913,2016-10-28,2126.41
914,2016-10-31,2126.15
915,2016-11-01,2111.72
916,2016-11-02,2097.94
917,2016-11-03,2088.66
918,2016-11-04,2085.18
919,2016-11-07,2131.52
920,2016-11-08,2139.56
921,2016-11-09,2163.26
922,2016-11-10,2167.48
923,2016-11-11,2164.45
924,2016-11-14,2164.2
925,2016-11-15,2180.39
926,2016-11-16,2176.94
927,2016-11-17,2187.12
928,2016-11-18,2181.9
929,2016-11-21,2198.18
930,2016-11-22,2202.94
931,2016-11-23,2204.72
932,2016-11-24,
933,2016-11-25,2213.35
934,2016-11-28,2201.72
935,2016-11-29,2204.66
936,2016-11-30,2198.81
937,2016-12-01,2191.08
938,2016-12-02,2191.95
939,2016-12-05,2204.71
940,2016-12-06,2212.23
941,2016-12-07,2241.35
942,2016-12-08,2246.19
943,2016-12-09,2259.53
944,2016-12-12,2256.96
945,2016-12-13,2271.72
946,2016-12-14,2253.28
947,2016-12-15,2262.03
948,2016-12-16,2258.07
949,2016-12-19,2262.53
950,2016-12-20,2270.76
951,2016-12-21,2265.18
952,2016-12-22,2260.96
953,2016-12-23,2263.79
954,2016-12-26,
955,2016-12-27,2268.88
956,2016-12-28,2249.92
957,2016-12-29,2249.26
958,2016-12-30,2238.83
959,2017-01-02,
960,2017-01-03,2257.83
961,2017-01-04,2270.75
962,2017-01-05,2269.0
963,2017-01-06,2276.98
964,2017-01-09,2268.9
965,2017-01-10,2268.9
966,2017-01-11,2275.32
967,2017-01-12,2270.44
968,2017-01-13,2274.64
969,2017-01-16,
970,2017-01-17,2267.89
971,2017-01-18,2271.89
972,2017-01-19,2263.69
973,2017-01-20,2271.31
974,2017-01-23,2265.2
975,2017-01-24,2280.07
976,2017-01-25,2298.37
977,2017-01-26,2296.68
978,2017-01-27,2294.69
979,2017-01-30,2280.9
980,2017-01-31,2278.87
981,2017-02-01,2279.55
982,2017-02-02,2280.85
983,2017-02-03,2297.42
984,2017-02-06,2292.56
985,2017-02-07,2293.08
986,2017-02-08,2294.67
987,2017-02-09,2307.87
988,2017-02-10,2316.1
989,2017-02-13,2328.25
990,2017-02-14,2337.58
991,2017-02-15,2349.25
992,2017-02-16,2347.22
993,2017-02-17,2351.16
994,2017-02-20,
995,2017-02-21,2365.38
996,2017-02-22,2362.82
997,2017-02-23,2363.81
998,2017-02-24,2367.34
999,2017-02-27,2369.75
1000,2017-02-28,2363.64
1001,2017-03-01,2395.96
1002,2017-03-02,2381.92
1003,2017-03-03,2383.12
1004,2017-03-06,2375.31
1005,2017-03-07,2368.39
1006,2017-03-08,2362.98
1007,2017-03-09,2364.87
1008,2017-03-10,2372.6
1009,2017-03-13,2373.47
1010,2017-03-14,2365.45
1011,2017-03-15,2385.26
1012,2017-03-16,2381.38
1013,2017-03-17,2378.25
1014,2017-03-20,2373.47
1015,2017-03-21,2344.02
1016,2017-03-22,2348.45
1017,2017-03-23,2345.96
1018,2017-03-24,2343.98
1019,2017-03-27,2341.59
1020,2017-03-28,2358.57
1021,2017-03-29,2361.13
1022,2017-03-30,2368.06
1023,2017-03-31,2362.72
1024,2017-04-03,2358.84
1025,2017-04-04,2360.16
1026,2017-04-05,2352.95
1027,2017-04-06,2357.49
1028,2017-04-07,2355.54
1029,2017-04-10,2357.16
1030,2017-04-11,2353.78
1031,2017-04-12,2344.93
1032,2017-04-13,2328.95
1033,2017-04-14,
1034,2017-04-17,2349.01
1035,2017-04-18,2342.19
1036,2017-04-19,2338.17
1037,2017-04-20,2355.84
1038,2017-04-21,2348.69
1039,2017-04-24,2374.15
1040,2017-04-25,2388.61
1041,2017-04-26,2387.45
1042,2017-04-27,2388.77
1043,2017-04-28,2384.2
1044,2017-05-01,2388.33
1045,2017-05-02,2391.17
1046,2017-05-03,2388.13
1047,2017-05-04,2389.52
1048,2017-05-05,2399.29
1049,2017-05-08,2399.38
1050,2017-05-09,2396.92
1051,2017-05-10,2399.63
1052,2017-05-11,2394.44
1053,2017-05-12,2390.9
1054,2017-05-15,2402.32
1055,2017-05-16,2400.67
1056,2017-05-17,2357.03
1057,2017-05-18,2365.72
1058,2017-05-19,2381.73
1059,2017-05-22,2394.02
1060,2017-05-23,2398.42
1061,2017-05-24,2404.39
1062,2017-05-25,2415.07
1063,2017-05-26,2415.82
1064,2017-05-29,
1065,2017-05-30,2412.91
1066,2017-05-31,2411.8
1067,2017-06-01,2430.06
1068,2017-06-02,2439.07
1069,2017-06-05,2436.1
1070,2017-06-06,2429.33
1071,2017-06-07,2433.14
1072,2017-06-08,2433.79
1073,2017-06-09,2431.77
1074,2017-06-12,2429.39
1075,2017-06-13,2440.35
1076,2017-06-14,2437.92
1077,2017-06-15,2432.46
1078,2017-06-16,2433.15
1079,2017-06-19,2453.46
1080,2017-06-20,2437.03
1081,2017-06-21,2435.61
1082,2017-06-22,2434.5
1083,2017-06-23,2438.3
1084,2017-06-26,2439.07
1085,2017-06-27,2419.38
1086,2017-06-28,2440.69
1087,2017-06-29,2419.7
1088,2017-06-30,2423.41
1089,2017-07-03,2429.01
1090,2017-07-04,
1091,2017-07-05,2432.54
1092,2017-07-06,2409.75
1093,2017-07-07,2425.18
1094,2017-07-10,2427.43
1095,2017-07-11,2425.53
1096,2017-07-12,2443.25
1097,2017-07-13,2447.83
1098,2017-07-14,2459.27
1099,2017-07-17,2459.14
1100,2017-07-18,2460.61
1101,2017-07-19,2473.83
1102,2017-07-20,2473.45
1103,2017-07-21,2472.54
1104,2017-07-24,2469.91
1105,2017-07-25,2477.13
1106,2017-07-26,2477.83
1107,2017-07-27,2475.42
1108,2017-07-28,2472.1
1109,2017-07-31,2470.3
1110,2017-08-01,2476.35
1111,2017-08-02,2477.57
1112,2017-08-03,2472.16
1113,2017-08-04,2476.83
1114,2017-08-07,2480.91
1115,2017-08-08,2474.92
1116,2017-08-09,2474.02
1117,2017-08-10,2438.21
1118,2017-08-11,2441.32
1119,2017-08-14,2465.84
1120,2017-08-15,2464.61
1121,2017-08-16,2468.11
1122,2017-08-17,2430.01
1123,2017-08-18,2425.55
1124,2017-08-21,2428.37
1125,2017-08-22,2452.51
1126,2017-08-23,2444.04
1127,2017-08-24,2438.97
1128,2017-08-25,2443.05
1129,2017-08-28,2444.24
1130,2017-08-29,2446.3
1131,2017-08-30,2457.59
1132,2017-08-31,2471.65
1133,2017-09-01,2476.55
1134,2017-09-04,
1135,2017-09-05,2457.85
1136,2017-09-06,2465.54
1137,2017-09-07,2465.1
1138,2017-09-08,2461.43
1139,2017-09-11,2488.11
1140,2017-09-12,2496.48
1141,2017-09-13,2498.37
1142,2017-09-14,2495.62
1143,2017-09-15,2500.23
1144,2017-09-18,2503.87
1145,2017-09-19,2506.65
1146,2017-09-20,2508.24
1147,2017-09-21,2500.6
1148,2017-09-22,2502.22
1149,2017-09-25,2496.66
1150,2017-09-26,2496.84
1151,2017-09-27,2507.04
1152,2017-09-28,2510.06
1153,2017-09-29,2519.36
1154,2017-10-02,2529.12
1155,2017-10-03,2534.58
1156,2017-10-04,2537.74
1157,2017-10-05,2552.07
1158,2017-10-06,2549.33
1159,2017-10-09,2544.73
1160,2017-10-10,2550.64
1161,2017-10-11,2555.24
1162,2017-10-12,2550.93
1163,2017-10-13,2553.17
1164,2017-10-16,2557.64
1165,2017-10-17,2559.36
1166,2017-10-18,2561.26
1167,2017-10-19,2562.1
1168,2017-10-20,2575.21
1169,2017-10-23,2564.98
1170,2017-10-24,2569.13
1171,2017-10-25,2557.15
1172,2017-10-26,2560.4
1173,2017-10-27,2581.07
1174,2017-10-30,2572.83
1175,2017-10-31,2575.26
1176,2017-11-01,2579.36
1177,2017-11-02,2579.85
1178,2017-11-03,2587.84
1179,2017-11-06,2591.13
1180,2017-11-07,2590.64
1181,2017-11-08,2594.38
1182,2017-11-09,2584.62
1183,2017-11-10,2582.3
1184,2017-11-13,2584.84
1185,2017-11-14,2578.87
1186,2017-11-15,2564.62
1187,2017-11-16,2585.64
1188,2017-11-17,2578.85
1189,2017-11-20,2582.14
1190,2017-11-21,2599.03
1191,2017-11-22,2597.08
1192,2017-11-23,
1193,2017-11-24,2602.42
1194,2017-11-27,2601.42
1195,2017-11-28,2627.04
1196,2017-11-29,2626.07
1197,2017-11-30,2647.58
1198,2017-12-01,2642.22
1199,2017-12-04,2639.44
1200,2017-12-05,2629.57
1201,2017-12-06,2629.27
1202,2017-12-07,2636.98
1203,2017-12-08,2651.5
1204,2017-12-11,2659.99
1205,2017-12-12,2664.11
1206,2017-12-13,2662.85
1207,2017-12-14,2652.01
1208,2017-12-15,2675.81
1209,2017-12-18,2690.16
1210,2017-12-19,2681.47
1211,2017-12-20,2679.25
1212,2017-12-21,2684.57
1213,2017-12-22,2683.34
1214,2017-12-25,
1215,2017-12-26,2680.5
1216,2017-12-27,2682.62
1217,2017-12-28,2687.54
1218,2017-12-29,2673.61
1219,2018-01-01,
1220,2018-01-02,2695.81
1221,2018-01-03,2713.06
1222,2018-01-04,2723.99
1223,2018-01-05,2743.15
1224,2018-01-08,2747.71
1225,2018-01-09,2751.29
1226,2018-01-10,2748.23
1227,2018-01-11,2767.56
1228,2018-01-12,2786.24
1229,2018-01-15,
1230,2018-01-16,2776.42
1231,2018-01-17,2802.56
1232,2018-01-18,2798.03
1233,2018-01-19,2810.3
1234,2018-01-22,2832.97
1235,2018-01-23,2839.13
1236,2018-01-24,2837.54
1237,2018-01-25,2839.25
1238,2018-01-26,2872.87
1239,2018-01-29,2853.53
1240,2018-01-30,2822.43
1241,2018-01-31,2823.81
1242,2018-02-01,2821.98
1243,2018-02-02,2762.13
1244,2018-02-05,2648.94
1245,2018-02-06,2695.14
1246,2018-02-07,2681.66
1247,2018-02-08,2581.0
1248,2018-02-09,2619.55
1249,2018-02-12,2656.0
1250,2018-02-13,2662.94
1251,2018-02-14,2698.63
1252,2018-02-15,2731.2
1253,2018-02-16,2732.22
1254,2018-02-19,
1255,2018-02-20,2716.26
1256,2018-02-21,2701.33
1257,2018-02-22,2703.96
1258,2018-02-23,2747.3
1259,2018-02-26,2779.6
1260,2018-02-27,2744.28
1261,2018-02-28,2713.83
1262,2018-03-01,2677.67
1263,2018-03-02,2691.25
1264,2018-03-05,2720.94
1265,2018-03-06,2728.12
1266,2018-03-07,2726.8
1267,2018-03-08,2738.97
1268,2018-03-09,2786.57
1269,2018-03-12,2783.02
1270,2018-03-13,2765.31
1271,2018-03-14,2749.48
1272,2018-03-15,2747.33
1273,2018-03-16,2752.01
1274,2018-03-19,2712.92
1275,2018-03-20,2716.94
1276,2018-03-21,2711.93
1277,2018-03-22,2643.69
1278,2018-03-23,2588.26
1279,2018-03-26,2658.55
1280,2018-03-27,2612.62
1281,2018-03-28,2605.0
1282,2018-03-29,2640.87
1283,2018-03-30,
1284,2018-04-02,2581.88
1285,2018-04-03,2614.45
1286,2018-04-04,2644.69
1287,2018-04-05,2662.84
1288,2018-04-06,2604.47
1289,2018-04-09,2613.16
1290,2018-04-10,2656.87
1291,2018-04-11,2642.19
1292,2018-04-12,2663.99
1293,2018-04-13,2656.3
1294,2018-04-16,2677.84
1295,2018-04-17,2706.39
1296,2018-04-18,2708.64
1297,2018-04-19,2693.13
1298,2018-04-20,2670.14
1299,2018-04-23,2670.29
1300,2018-04-24,2634.56
1301,2018-04-25,2639.4
1302,2018-04-26,2666.94
1303,2018-04-27,2669.91
1304,2018-04-30,2648.05
1305,2018-05-01,2654.8
1306,2018-05-02,2635.67
1307,2018-05-03,2629.73
1308,2018-05-04,2663.42
1309,2018-05-07,2672.63
1310,2018-05-08,2671.92
1311,2018-05-09,2697.79
1312,2018-05-10,2723.07
1313,2018-05-11,2727.72
1314,2018-05-14,2730.13
1315,2018-05-15,2711.45
1316,2018-05-16,2722.46
1317,2018-05-17,2720.13
1318,2018-05-18,2712.97
1319,2018-05-21,2733.01
1320,2018-05-22,2724.44
1321,2018-05-23,2733.29
1322,2018-05-24,2727.76
1323,2018-05-25,2721.33
1324,2018-05-28,
1325,2018-05-29,2689.86
1326,2018-05-30,2724.01
1327,2018-05-31,2705.27
1328,2018-06-01,2734.62
1329,2018-06-04,2746.87
1330,2018-06-05,2748.8
1331,2018-06-06,2772.35
1332,2018-06-07,2770.37
1333,2018-06-08,2779.03
1334,2018-06-11,2782.0
1335,2018-06-12,2786.85
1336,2018-06-13,2775.63
1337,2018-06-14,2782.49
1338,2018-06-15,2779.66
1339,2018-06-18,2773.75
1340,2018-06-19,2762.59
1341,2018-06-20,2767.32
1342,2018-06-21,2749.76
1343,2018-06-22,2754.88
1344,2018-06-25,2717.07
1345,2018-06-26,2723.06
1346,2018-06-27,2699.63
1347,2018-06-28,2716.31
1348,2018-06-29,2718.37
1349,2018-07-02,2726.71
1350,2018-07-03,2713.22
1351,2018-07-04,
1352,2018-07-05,2736.61
1353,2018-07-06,2759.82
1354,2018-07-09,2784.17
1355,2018-07-10,2793.84
1356,2018-07-11,2774.02
1357,2018-07-12,2798.29
1358,2018-07-13,2801.31
1359,2018-07-16,2798.43
1360,2018-07-17,2809.55
1361,2018-07-18,2815.62
1362,2018-07-19,2804.49
1363,2018-07-20,2801.83
1364,2018-07-23,2806.98
1365,2018-07-24,2820.4
1366,2018-07-25,2846.07
1367,2018-07-26,2837.44
1368,2018-07-27,2818.82
1369,2018-07-30,2802.6
1370,2018-07-31,2816.29
1371,2018-08-01,2813.36
1372,2018-08-02,2827.22
1373,2018-08-03,2840.35
1374,2018-08-06,2850.4
1375,2018-08-07,2858.45
1376,2018-08-08,2857.7
1377,2018-08-09,2853.58
1378,2018-08-10,2833.28
1379,2018-08-13,2821.93
1380,2018-08-14,2839.96
1381,2018-08-15,2818.37
1382,2018-08-16,2840.69
1383,2018-08-17,2850.13
1384,2018-08-20,2857.05
1385,2018-08-21,2862.96
1386,2018-08-22,2861.82
1387,2018-08-23,2856.98
1388,2018-08-24,2874.69
1389,2018-08-27,2896.74
1390,2018-08-28,2897.52
1391,2018-08-29,2914.04
1392,2018-08-30,2901.13
1393,2018-08-31,2901.52
1394,2018-09-03,
1395,2018-09-04,2896.72
1396,2018-09-05,2888.6
1397,2018-09-06,2878.05
1398,2018-09-07,2871.68
1399,2018-09-10,2877.13
1400,2018-09-11,2887.89
1401,2018-09-12,2888.92
1402,2018-09-13,2904.18
1403,2018-09-14,2904.98
1404,2018-09-17,2888.8
1405,2018-09-18,2904.31
1406,2018-09-19,2907.95
1407,2018-09-20,2930.75
1408,2018-09-21,2929.67
1409,2018-09-24,2919.37
1410,2018-09-25,2915.56
1411,2018-09-26,2905.97
1412,2018-09-27,2914.0
1413,2018-09-28,2913.98
1414,2018-10-01,2924.59
1415,2018-10-02,2923.43
1416,2018-10-03,2925.51
1417,2018-10-04,2901.61
1418,2018-10-05,2885.57
1419,2018-10-08,2884.43
1420,2018-10-09,2880.34
1421,2018-10-10,2785.68
1422,2018-10-11,2728.37
1423,2018-10-12,2767.13
1424,2018-10-15,2750.79
1425,2018-10-16,2809.92
1426,2018-10-17,2809.21
1427,2018-10-18,2768.78
1428,2018-10-19,2767.78
1429,2018-10-22,2755.88
1430,2018-10-23,2740.69
1431,2018-10-24,2656.1
1432,2018-10-25,2705.57
1433,2018-10-26,2658.69
1434,2018-10-29,2641.25
1435,2018-10-30,2682.63
1436,2018-10-31,2711.74
1437,2018-11-01,2740.37
1438,2018-11-02,2723.06
1439,2018-11-05,2738.31
1440,2018-11-06,2755.45
1441,2018-11-07,2813.89
1442,2018-11-08,2806.83
1443,2018-11-09,2781.01
1444,2018-11-12,2726.22
1445,2018-11-13,2722.18
1446,2018-11-14,2701.58
1447,2018-11-15,2730.2
1448,2018-11-16,2736.27
1449,2018-11-19,2690.73
1450,2018-11-20,2641.89
1451,2018-11-21,2649.93
1452,2018-11-22,
1453,2018-11-23,2632.56
1454,2018-11-26,2673.45
1455,2018-11-27,2682.17
1456,2018-11-28,2743.79
1457,2018-11-29,2737.76
1458,2018-11-30,2760.17
1459,2018-12-03,2790.37
1460,2018-12-04,2700.06
1461,2018-12-05,
1462,2018-12-06,2695.95
1463,2018-12-07,2633.08
1464,2018-12-10,2637.72
1465,2018-12-11,2636.78
1466,2018-12-12,2651.07
1467,2018-12-13,2650.54
1468,2018-12-14,2599.95
1469,2018-12-17,2545.94
1470,2018-12-18,2546.16
1471,2018-12-19,2506.96
1472,2018-12-20,2467.42
1473,2018-12-21,2416.62
1474,2018-12-24,2351.1
1475,2018-12-25,
1476,2018-12-26,2467.7
1477,2018-12-27,2488.83
1478,2018-12-28,2485.74
1479,2018-12-31,2506.85
1480,2019-01-01,
1481,2019-01-02,2510.03
1482,2019-01-03,2447.89
1483,2019-01-04,2531.94
1484,2019-01-07,2549.69
1485,2019-01-08,2574.41
1486,2019-01-09,2584.96
1487,2019-01-10,2596.64
1488,2019-01-11,2596.26
1489,2019-01-14,2582.61
1490,2019-01-15,2610.3
1491,2019-01-16,2616.1
1492,2019-01-17,2635.96
1493,2019-01-18,2670.71
1494,2019-01-21,
1495,2019-01-22,2632.9
1496,2019-01-23,2638.7
1497,2019-01-24,2642.33
1498,2019-01-25,2664.76
1499,2019-01-28,2643.85
1500,2019-01-29,2640.0
1501,2019-01-30,2681.05
1502,2019-01-31,2704.1
1503,2019-02-01,2706.53
1504,2019-02-04,2724.87
1505,2019-02-05,2737.7
1506,2019-02-06,2731.61
1507,2019-02-07,2706.05
1508,2019-02-08,2707.88
1509,2019-02-11,2709.8
1510,2019-02-12,2744.73
1511,2019-02-13,2753.03
1512,2019-02-14,2745.73
1513,2019-02-15,2775.6
1514,2019-02-18,
1515,2019-02-19,2779.76
1516,2019-02-20,2784.7
1517,2019-02-21,2774.88
1518,2019-02-22,2792.67
1519,2019-02-25,2796.11
1520,2019-02-26,2793.9
1521,2019-02-27,2792.38
1522,2019-02-28,2784.49
1523,2019-03-01,2803.69
1524,2019-03-04,2792.81
1525,2019-03-05,2789.65
1526,2019-03-06,2771.45
1527,2019-03-07,2748.93
1528,2019-03-08,2743.07
1529,2019-03-11,2783.3
1530,2019-03-12,2791.52
1531,2019-03-13,2810.92
1532,2019-03-14,2808.48
1533,2019-03-15,2822.48
1534,2019-03-18,2832.94
1535,2019-03-19,2832.57
1536,2019-03-20,2824.23
1537,2019-03-21,2854.88
1538,2019-03-22,2800.71
1539,2019-03-25,2798.36
1540,2019-03-26,2818.46
1541,2019-03-27,2805.37
1542,2019-03-28,2815.44
1543,2019-03-29,2834.4
1544,2019-04-01,2867.19
1545,2019-04-02,2867.24
1546,2019-04-03,2873.4
1547,2019-04-04,2879.39
1548,2019-04-05,2892.74
1549,2019-04-08,2895.77
1550,2019-04-09,2878.2
1551,2019-04-10,2888.21
1552,2019-04-11,2888.32
1553,2019-04-12,2907.41
1554,2019-04-15,2905.58
1555,2019-04-16,2907.06
1556,2019-04-17,2900.45
1557,2019-04-18,2905.03
1558,2019-04-19,
1559,2019-04-22,2907.97
1560,2019-04-23,2933.68
1561,2019-04-24,2927.25
1562,2019-04-25,2926.17
1563,2019-04-26,2939.88
1564,2019-04-29,2943.03
1565,2019-04-30,2945.83
1566,2019-05-01,2923.73
1567,2019-05-02,2917.52
1568,2019-05-03,2945.64
1569,2019-05-06,2932.47
1570,2019-05-07,2884.05
1571,2019-05-08,2879.42
1572,2019-05-09,2870.72
1573,2019-05-10,2881.4
1574,2019-05-13,2811.87
1575,2019-05-14,2834.41
1576,2019-05-15,2850.96
1577,2019-05-16,2876.32
1578,2019-05-17,2859.53
1579,2019-05-20,2840.23
1580,2019-05-21,2864.36
1581,2019-05-22,2856.27
1582,2019-05-23,2822.24
1583,2019-05-24,2826.06
1584,2019-05-27,
1585,2019-05-28,2802.39
1586,2019-05-29,2783.02
1587,2019-05-30,2788.86
1588,2019-05-31,2752.06
1589,2019-06-03,2744.45
1590,2019-06-04,2803.27
1591,2019-06-05,2826.15
1592,2019-06-06,2843.49
1593,2019-06-07,2873.34
1594,2019-06-10,2886.73
1595,2019-06-11,2885.72
1596,2019-06-12,2879.84
1597,2019-06-13,2891.64
1598,2019-06-14,2886.98
1599,2019-06-17,2889.67
1600,2019-06-18,2917.75
1601,2019-06-19,2926.46
1602,2019-06-20,2954.18
1603,2019-06-21,2950.46
1604,2019-06-24,2945.35
1605,2019-06-25,2917.38
1606,2019-06-26,2913.78
1607,2019-06-27,2924.92
1608,2019-06-28,2941.76
1609,2019-07-01,2964.33
1610,2019-07-02,2973.01
1611,2019-07-03,2995.82
1612,2019-07-04,
1613,2019-07-05,2990.41
1614,2019-07-08,2975.95
1615,2019-07-09,2979.63
1616,2019-07-10,2993.07
1617,2019-07-11,2999.91
1618,2019-07-12,3013.77
1619,2019-07-15,3014.3
1620,2019-07-16,3004.04
1621,2019-07-17,2984.42
1622,2019-07-18,2995.11
1623,2019-07-19,2976.61
1624,2019-07-22,2985.03
1625,2019-07-23,3005.47
1626,2019-07-24,3019.56
1627,2019-07-25,3003.67
1628,2019-07-26,3025.86
1629,2019-07-29,3020.97
1630,2019-07-30,3013.18
1631,2019-07-31,2980.38
1632,2019-08-01,2953.56
1633,2019-08-02,2932.05
1634,2019-08-05,2844.74
1635,2019-08-06,2881.77
1636,2019-08-07,2883.98
1637,2019-08-08,2938.09
1638,2019-08-09,2918.65
1639,2019-08-12,2883.75
1640,2019-08-13,2926.32
1641,2019-08-14,2840.6
1642,2019-08-15,2847.6
1643,2019-08-16,2888.68
1644,2019-08-19,2923.65
1645,2019-08-20,2900.51
1646,2019-08-21,2924.43
1647,2019-08-22,2922.95
1648,2019-08-23,2847.11
1649,2019-08-26,2878.38
1650,2019-08-27,2869.16
1651,2019-08-28,2887.94
1652,2019-08-29,2924.58
1653,2019-08-30,2926.46
1654,2019-09-02,
1655,2019-09-03,2906.27
1656,2019-09-04,2937.78
1657,2019-09-05,2976.0
1658,2019-09-06,2978.71
1659,2019-09-09,2978.43
1660,2019-09-10,2979.39
1661,2019-09-11,3000.93
1662,2019-09-12,3009.57
1663,2019-09-13,3007.39
1664,2019-09-16,2997.96
1665,2019-09-17,3005.7
1666,2019-09-18,3006.73
1667,2019-09-19,3006.79
1668,2019-09-20,2992.07
1669,2019-09-23,2991.78
1670,2019-09-24,2966.6
1671,2019-09-25,2984.87
1672,2019-09-26,2977.62
1673,2019-09-27,2961.79
1674,2019-09-30,2976.74
1675,2019-10-01,2940.25
1676,2019-10-02,2887.61
1677,2019-10-03,2910.63
1678,2019-10-04,2952.01
1679,2019-10-07,2938.79
1680,2019-10-08,2893.06
1681,2019-10-09,2919.4
1682,2019-10-10,2938.13
1683,2019-10-11,2970.27
1684,2019-10-14,2966.15
1685,2019-10-15,2995.68
1686,2019-10-16,2989.69
1687,2019-10-17,2997.95
1688,2019-10-18,2986.2
1689,2019-10-21,3006.72
1690,2019-10-22,2995.99
1691,2019-10-23,3004.52
1692,2019-10-24,3010.29
1693,2019-10-25,3022.55
1694,2019-10-28,3039.42
1695,2019-10-29,3036.89
1696,2019-10-30,3046.77
1697,2019-10-31,3037.56
1698,2019-11-01,3066.91
1699,2019-11-04,3078.27
1700,2019-11-05,3074.62
1701,2019-11-06,3076.78
1702,2019-11-07,3085.18
1703,2019-11-08,3093.08
1704,2019-11-11,3087.01
1705,2019-11-12,3091.84
1706,2019-11-13,3094.04
1707,2019-11-14,3096.63
1708,2019-11-15,3120.46
1709,2019-11-18,3122.03
1710,2019-11-19,3120.18
1711,2019-11-20,3108.46
1712,2019-11-21,3103.54
1713,2019-11-22,3110.29
1714,2019-11-25,3133.64
1715,2019-11-26,3140.52
1716,2019-11-27,3153.63
1717,2019-11-28,
1718,2019-11-29,3140.98
1719,2019-12-02,3113.87
1720,2019-12-03,3093.2
1721,2019-12-04,3112.76
1722,2019-12-05,3117.43
1723,2019-12-06,3145.91
1724,2019-12-09,3135.96
1725,2019-12-10,3132.52
1726,2019-12-11,3141.63
1727,2019-12-12,3168.57
1728,2019-12-13,3168.8
1729,2019-12-16,3191.45
1730,2019-12-17,3192.52
1731,2019-12-18,3191.14
1732,2019-12-19,3205.37
1733,2019-12-20,3221.22
1734,2019-12-23,3224.01
1735,2019-12-24,3223.38
1736,2019-12-25,
1737,2019-12-26,3239.91
1738,2019-12-27,3240.02
1739,2019-12-30,3221.29
1740,2019-12-31,3230.78
1741,2020-01-01,
1742,2020-01-02,3257.85
1743,2020-01-03,3234.85
1744,2020-01-06,3246.28
1745,2020-01-07,3237.18
1746,2020-01-08,3253.05
1747,2020-01-09,3274.7
1748,2020-01-10,3265.35
1749,2020-01-13,3288.13
1750,2020-01-14,3283.15
1751,2020-01-15,3289.29
1752,2020-01-16,3316.81
1753,2020-01-17,3329.62
1754,2020-01-20,
1755,2020-01-21,3320.79
1756,2020-01-22,3321.75
1757,2020-01-23,3325.54
1758,2020-01-24,3295.47
1759,2020-01-27,3243.63
1760,2020-01-28,3276.24
1761,2020-01-29,3273.4
1762,2020-01-30,3283.66
1763,2020-01-31,3225.52
1764,2020-02-03,3248.92
1765,2020-02-04,3297.59
1766,2020-02-05,3334.69
1767,2020-02-06,3345.78
1768,2020-02-07,3327.71
1769,2020-02-10,3352.09
1770,2020-02-11,3357.75
1771,2020-02-12,3379.45
1772,2020-02-13,3373.94
1773,2020-02-14,3380.16
1774,2020-02-17,
1775,2020-02-18,3370.29
1776,2020-02-19,3386.15
1777,2020-02-20,3373.23
1778,2020-02-21,3337.75
1779,2020-02-24,3225.89
1780,2020-02-25,3128.21
1781,2020-02-26,3116.39
1782,2020-02-27,2978.76
1783,2020-02-28,2954.22
1784,2020-03-02,3090.23
1785,2020-03-03,3003.37
1786,2020-03-04,3130.12
1787,2020-03-05,3023.94
1788,2020-03-06,2972.37
1789,2020-03-09,2746.56
1790,2020-03-10,2882.23
1791,2020-03-11,2741.38
1792,2020-03-12,2480.64
1793,2020-03-13,2711.02
1794,2020-03-16,2386.13
1795,2020-03-17,2529.19
1796,2020-03-18,2398.1
1797,2020-03-19,2409.39
1798,2020-03-20,2304.92
1799,2020-03-23,2237.4
1800,2020-03-24,2447.33
1801,2020-03-25,2475.56
1802,2020-03-26,2630.07
1803,2020-03-27,2541.47
1804,2020-03-30,2626.65
1805,2020-03-31,2584.59
1806,2020-04-01,2470.5
1807,2020-04-02,2526.9
1808,2020-04-03,2488.65
1809,2020-04-06,2663.68
1810,2020-04-07,2659.41
1811,2020-04-08,2749.98
1812,2020-04-09,2789.82
1813,2020-04-10,
1814,2020-04-13,2761.63
1815,2020-04-14,2846.06
1816,2020-04-15,2783.36
1817,2020-04-16,2799.55
1818,2020-04-17,2874.56
1819,2020-04-20,2823.16
1820,2020-04-21,2736.56
1821,2020-04-22,2799.31
1822,2020-04-23,2797.8
1823,2020-04-24,2836.74
1824,2020-04-27,2878.48
1825,2020-04-28,2863.39
1826,2020-04-29,2939.51
1827,2020-04-30,2912.43
1828,2020-05-01,2830.71
1829,2020-05-04,2842.74
1830,2020-05-05,2868.44
1831,2020-05-06,2848.42
1832,2020-05-07,2881.19
1833,2020-05-08,2929.8
1834,2020-05-11,2930.32
1835,2020-05-12,2870.12
1836,2020-05-13,2820.0
1837,2020-05-14,2852.5
1838,2020-05-15,2863.7
1839,2020-05-18,2953.91
1840,2020-05-19,2922.94
1841,2020-05-20,2971.61
1842,2020-05-21,2948.51
1843,2020-05-22,2955.45
1844,2020-05-25,
1845,2020-05-26,2991.77
1846,2020-05-27,3036.13
1847,2020-05-28,3029.73
1848,2020-05-29,3044.31
1849,2020-06-01,3055.73
1850,2020-06-02,3080.82
1851,2020-06-03,3122.87
1852,2020-06-04,3112.35
1853,2020-06-05,3193.93
1854,2020-06-08,3232.39
1855,2020-06-09,3207.18
1856,2020-06-10,3190.14
1857,2020-06-11,3002.1
1858,2020-06-12,3041.31
1859,2020-06-15,3066.59
1860,2020-06-16,3124.74
1861,2020-06-17,3113.49
1862,2020-06-18,3115.34
1863,2020-06-19,3097.74
1864,2020-06-22,3117.86
1865,2020-06-23,3131.29
1866,2020-06-24,3050.33
1867,2020-06-25,3083.76
1868,2020-06-26,3009.05
1869,2020-06-29,3053.24
1870,2020-06-30,3100.29
1871,2020-07-01,3115.86
1872,2020-07-02,3130.01
1873,2020-07-03,
1874,2020-07-06,3179.72
1875,2020-07-07,3145.32
1876,2020-07-08,3169.94
1877,2020-07-09,3152.05
1878,2020-07-10,3185.04
1879,2020-07-13,3155.22
1880,2020-07-14,3197.52
1881,2020-07-15,3226.56
1882,2020-07-16,3215.57
1883,2020-07-17,3224.73
1884,2020-07-20,3251.84
1885,2020-07-21,3257.3
1886,2020-07-22,3276.02
1887,2020-07-23,3235.66
1888,2020-07-24,3215.63
1889,2020-07-27,3239.41
1890,2020-07-28,3218.44
1891,2020-07-29,3258.44
1892,2020-07-30,3246.22
1893,2020-07-31,3271.12
1894,2020-08-03,3294.61
1895,2020-08-04,3306.51
1896,2020-08-05,3327.77
1897,2020-08-06,3349.16
1898,2020-08-07,3351.28
1899,2020-08-10,3360.47
1900,2020-08-11,3333.69
1901,2020-08-12,3380.35
1902,2020-08-13,3373.43
1903,2020-08-14,3372.85
1904,2020-08-17,3381.99
1905,2020-08-18,3389.78
1906,2020-08-19,3374.85
1907,2020-08-20,3385.51
1908,2020-08-21,3397.16
1909,2020-08-24,3431.28
1910,2020-08-25,3443.62
1911,2020-08-26,3478.73
1912,2020-08-27,3484.55
1913,2020-08-28,3508.01
1914,2020-08-31,3500.31
1915,2020-09-01,3526.65
1916,2020-09-02,3580.84
1917,2020-09-03,3455.06
1918,2020-09-04,3426.96
1919,2020-09-07,
1920,2020-09-08,3331.84
1921,2020-09-09,3398.96
1922,2020-09-10,3339.19
1923,2020-09-11,3340.97
1924,2020-09-14,3383.54
1925,2020-09-15,3401.2
1926,2020-09-16,3385.49
1927,2020-09-17,3357.01
1928,2020-09-18,3319.47
1929,2020-09-21,3281.06
1930,2020-09-22,3315.57
1931,2020-09-23,3236.92
1932,2020-09-24,3246.59
1933,2020-09-25,3298.46
1934,2020-09-28,3351.6
1935,2020-09-29,3335.47
1936,2020-09-30,3363.0
1937,2020-10-01,3380.8
1938,2020-10-02,3348.44
1939,2020-10-05,3408.63
1940,2020-10-06,3360.95
1941,2020-10-07,3419.45
1942,2020-10-08,3446.83
1943,2020-10-09,3477.13
1944,2020-10-12,3534.22
1945,2020-10-13,3511.93
1946,2020-10-14,3488.67
1947,2020-10-15,3483.34
1948,2020-10-16,3483.81
1949,2020-10-19,3426.92
1950,2020-10-20,3443.12
1951,2020-10-21,3435.56
1952,2020-10-22,3453.49
1953,2020-10-23,3465.39
1954,2020-10-26,3400.97
1955,2020-10-27,3390.68
1956,2020-10-28,3271.03
1957,2020-10-29,3310.11
1958,2020-10-30,3269.96
1959,2020-11-02,3310.24
1960,2020-11-03,3369.16
1961,2020-11-04,3443.44
1962,2020-11-05,3510.45
1963,2020-11-06,3509.44
1964,2020-11-09,3550.5
1965,2020-11-10,3545.53
1966,2020-11-11,3572.66
1967,2020-11-12,3537.01
1968,2020-11-13,3585.15
1969,2020-11-16,3626.91
1970,2020-11-17,3609.53
1971,2020-11-18,3567.79
1972,2020-11-19,3581.87
1973,2020-11-20,3557.54
1974,2020-11-23,3577.59
1975,2020-11-24,3635.41
1976,2020-11-25,3629.65
1977,2020-11-26,
1978,2020-11-27,3638.35
1979,2020-11-30,3621.63
1980,2020-12-01,3662.45
1981,2020-12-02,3669.01
1982,2020-12-03,3666.72
1983,2020-12-04,3699.12
1984,2020-12-07,3691.96
1985,2020-12-08,3702.25
1986,2020-12-09,3672.82
1987,2020-12-10,3668.1
1988,2020-12-11,3663.46
1989,2020-12-14,3647.49
1990,2020-12-15,3694.62
1991,2020-12-16,3701.17
1992,2020-12-17,3722.48
1993,2020-12-18,3709.41
1994,2020-12-21,3694.92
1995,2020-12-22,3687.26
1996,2020-12-23,3690.01
1997,2020-12-24,3703.06
1998,2020-12-25,
1999,2020-12-28,3735.36
2000,2020-12-29,3727.04
2001,2020-12-30,3732.04
2002,2020-12-31,3756.07
2003,2021-01-01,
2004,2021-01-04,3700.65
2005,2021-01-05,3726.86
2006,2021-01-06,3748.14
2007,2021-01-07,3803.79
2008,2021-01-08,3824.68
2009,2021-01-11,3799.61
2010,2021-01-12,3801.19
2011,2021-01-13,3809.84
2012,2021-01-14,3795.54
2013,2021-01-15,3768.25
2014,2021-01-18,
2015,2021-01-19,3798.91
2016,2021-01-20,3851.85
2017,2021-01-21,3853.07
2018,2021-01-22,3841.47
2019,2021-01-25,3855.36
2020,2021-01-26,3849.62
2021,2021-01-27,3750.77
2022,2021-01-28,3787.38
2023,2021-01-29,3714.24
2024,2021-02-01,3773.86
2025,2021-02-02,3826.31
2026,2021-02-03,3830.17
2027,2021-02-04,3871.74
2028,2021-02-05,3886.83
2029,2021-02-08,3915.59
2030,2021-02-09,3911.23
2031,2021-02-10,3909.88
2032,2021-02-11,3916.38
2033,2021-02-12,3934.83
2034,2021-02-15,
2035,2021-02-16,3932.59
2036,2021-02-17,3931.33
2037,2021-02-18,3913.97
2038,2021-02-19,3906.71
2039,2021-02-22,3876.5
2040,2021-02-23,3881.37
2041,2021-02-24,3925.43
2042,2021-02-25,3829.34
2043,2021-02-26,3811.15
2044,2021-03-01,3901.82
2045,2021-03-02,3870.29
2046,2021-03-03,3819.72
2047,2021-03-04,3768.47
2048,2021-03-05,3841.94
2049,2021-03-08,3821.35
2050,2021-03-09,3875.44
2051,2021-03-10,3898.81
2052,2021-03-11,3939.34
2053,2021-03-12,3943.34
2054,2021-03-15,3968.94
2055,2021-03-16,3962.71
2056,2021-03-17,3974.12
2057,2021-03-18,3915.46
2058,2021-03-19,3913.1
2059,2021-03-22,3940.59
2060,2021-03-23,3910.52
2061,2021-03-24,3889.14
2062,2021-03-25,3909.52
2063,2021-03-26,3974.54
2064,2021-03-29,3971.09
2065,2021-03-30,3958.55
2066,2021-03-31,3972.89
2067,2021-04-01,4019.87
2068,2021-04-02,
2069,2021-04-05,4077.91
2070,2021-04-06,4073.94
2071,2021-04-07,4079.95
2072,2021-04-08,4097.17
2073,2021-04-09,4128.8
2074,2021-04-12,4127.99
2075,2021-04-13,4141.59
2076,2021-04-14,4124.66
2077,2021-04-15,4170.42
2078,2021-04-16,4185.47
2079,2021-04-19,4163.26
2080,2021-04-20,4134.94
2081,2021-04-21,4173.42
2082,2021-04-22,4134.98
2083,2021-04-23,4180.17
2084,2021-04-26,4187.62
2085,2021-04-27,4186.72
2086,2021-04-28,4183.18
2087,2021-04-29,4211.47
2088,2021-04-30,4181.17
2089,2021-05-03,4192.66
2090,2021-05-04,4164.66
2091,2021-05-05,4167.59
2092,2021-05-06,4201.62
2093,2021-05-07,4232.6
2094,2021-05-10,4188.43
2095,2021-05-11,4152.1
2096,2021-05-12,4063.04
2097,2021-05-13,4112.5
2098,2021-05-14,4173.85
2099,2021-05-17,4163.29
2100,2021-05-18,4127.83
2101,2021-05-19,4115.68
2102,2021-05-20,4159.12
2103,2021-05-21,4155.86
2104,2021-05-24,4197.05
2105,2021-05-25,4188.13
2106,2021-05-26,4195.99
2107,2021-05-27,4200.88
2108,2021-05-28,4204.11
2109,2021-05-31,
2110,2021-06-01,4202.04
2111,2021-06-02,4208.12
2112,2021-06-03,4192.85
2113,2021-06-04,4229.89
2114,2021-06-07,4226.52
2115,2021-06-08,4227.26
2116,2021-06-09,4219.55
2117,2021-06-10,4239.18
2118,2021-06-11,4247.44
2119,2021-06-14,4255.15
2120,2021-06-15,4246.59
2121,2021-06-16,4223.7
2122,2021-06-17,4221.86
2123,2021-06-18,4166.45
2124,2021-06-21,4224.79
2125,2021-06-22,4246.44
2126,2021-06-23,4241.84
2127,2021-06-24,4266.49
2128,2021-06-25,4280.7
2129,2021-06-28,4290.61
2130,2021-06-29,4291.8
2131,2021-06-30,4297.5
2132,2021-07-01,4319.94
2133,2021-07-02,4352.34
2134,2021-07-05,
2135,2021-07-06,4343.54
2136,2021-07-07,4358.13
2137,2021-07-08,4320.82
2138,2021-07-09,4369.55
2139,2021-07-12,4384.63
2140,2021-07-13,4369.21
2141,2021-07-14,4374.3
2142,2021-07-15,4360.03
2143,2021-07-16,4327.16
2144,2021-07-19,4258.49
2145,2021-07-20,4323.06
2146,2021-07-21,4358.69
2147,2021-07-22,4367.48
2148,2021-07-23,4411.79
2149,2021-07-26,4422.3
2150,2021-07-27,4401.46
2151,2021-07-28,4400.64
2152,2021-07-29,4419.15
2153,2021-07-30,4395.26
2154,2021-08-02,4387.16
2155,2021-08-03,4423.15
2156,2021-08-04,4402.66
2157,2021-08-05,4429.1
2158,2021-08-06,4436.52
2159,2021-08-09,4432.35
2160,2021-08-10,4436.75
2161,2021-08-11,4447.7
2162,2021-08-12,4460.83
2163,2021-08-13,4468.0
2164,2021-08-16,4479.71
2165,2021-08-17,4448.08
2166,2021-08-18,4400.27
2167,2021-08-19,4405.8
2168,2021-08-20,4441.67
2169,2021-08-23,4479.53
2170,2021-08-24,4486.23
2171,2021-08-25,4496.19
2172,2021-08-26,4470.0
2173,2021-08-27,4509.37
2174,2021-08-30,4528.79
2175,2021-08-31,4522.68
2176,2021-09-01,4524.09
2177,2021-09-02,4536.95
2178,2021-09-03,4535.43
2179,2021-09-06,
2180,2021-09-07,4520.03
2181,2021-09-08,4514.07
2182,2021-09-09,4493.28
2183,2021-09-10,4458.58
2184,2021-09-13,4468.73
2185,2021-09-14,4443.05
2186,2021-09-15,4480.7
2187,2021-09-16,4473.75
2188,2021-09-17,4432.99
2189,2021-09-20,4357.73
2190,2021-09-21,4354.19
2191,2021-09-22,4395.64
2192,2021-09-23,4448.98
2193,2021-09-24,4455.48
2194,2021-09-27,4443.11
2195,2021-09-28,4352.63
2196,2021-09-29,4359.46
2197,2021-09-30,4307.54
2198,2021-10-01,4357.04
2199,2021-10-04,4300.46
2200,2021-10-05,4345.72
2201,2021-10-06,4363.55
2202,2021-10-07,4399.76
2203,2021-10-08,4391.34
2204,2021-10-11,4361.19
2205,2021-10-12,4350.65
2206,2021-10-13,4363.8
2207,2021-10-14,4438.26
2208,2021-10-15,4471.37
2209,2021-10-18,4486.46
2210,2021-10-19,4519.63
2211,2021-10-20,4536.19
2212,2021-10-21,4549.78
2213,2021-10-22,4544.9
2214,2021-10-25,4566.48
2215,2021-10-26,4574.79
2216,2021-10-27,4551.68
2217,2021-10-28,4596.42
2218,2021-10-29,4605.38
2219,2021-11-01,4613.67
2220,2021-11-02,4630.65
2221,2021-11-03,4660.57
2222,2021-11-04,4680.06
2223,2021-11-05,4697.53
2224,2021-11-08,4701.7
2225,2021-11-09,4685.25
2226,2021-11-10,4646.71
2227,2021-11-11,4649.27
2228,2021-11-12,4682.85
2229,2021-11-15,4682.8
2230,2021-11-16,4700.9
2231,2021-11-17,4688.67
2232,2021-11-18,4704.54
2233,2021-11-19,4697.96
2234,2021-11-22,4682.94
2235,2021-11-23,4690.7
2236,2021-11-24,4701.46
2237,2021-11-25,
2238,2021-11-26,4594.62
2239,2021-11-29,4655.27
2240,2021-11-30,4567.0
2241,2021-12-01,4513.04
2242,2021-12-02,4577.1
2243,2021-12-03,4538.43
2244,2021-12-06,4591.67
2245,2021-12-07,4686.75
2246,2021-12-08,4701.21
2247,2021-12-09,4667.45
2248,2021-12-10,4712.02
2249,2021-12-13,4668.97
2250,2021-12-14,4634.09
2251,2021-12-15,4709.85
2252,2021-12-16,4668.67
2253,2021-12-17,4620.64
2254,2021-12-20,4568.02
2255,2021-12-21,4649.23
2256,2021-12-22,4696.56
2257,2021-12-23,4725.79
2258,2021-12-24,
2259,2021-12-27,4791.19
2260,2021-12-28,4786.35
2261,2021-12-29,4793.06
2262,2021-12-30,4778.73
2263,2021-12-31,4766.18
2264,2022-01-03,4796.56
2265,2022-01-04,4793.54
2266,2022-01-05,4700.58
2267,2022-01-06,4696.05
2268,2022-01-07,4677.03
2269,2022-01-10,4670.29
2270,2022-01-11,4713.07
2271,2022-01-12,4726.35
2272,2022-01-13,4659.03
2273,2022-01-14,4662.85
2274,2022-01-17,
2275,2022-01-18,4577.11
2276,2022-01-19,4532.76
2277,2022-01-20,4482.73
2278,2022-01-21,4397.94
2279,2022-01-24,4410.13
2280,2022-01-25,4356.45
2281,2022-01-26,4349.93
2282,2022-01-27,4326.51
2283,2022-01-28,4431.85
2284,2022-01-31,4515.55
2285,2022-02-01,4546.54
2286,2022-02-02,4589.38
2287,2022-02-03,4477.44
2288,2022-02-04,4500.53
2289,2022-02-07,4483.87
2290,2022-02-08,4521.54
2291,2022-02-09,4587.18
2292,2022-02-10,4504.08
2293,2022-02-11,4418.64
2294,2022-02-14,4401.67
2295,2022-02-15,4471.07
2296,2022-02-16,4475.01
2297,2022-02-17,4380.26
2298,2022-02-18,4348.87
2299,2022-02-21,
2300,2022-02-22,4304.76
2301,2022-02-23,4225.5
2302,2022-02-24,4288.7
2303,2022-02-25,4384.65
2304,2022-02-28,4373.94
2305,2022-03-01,4306.26
2306,2022-03-02,4386.54
2307,2022-03-03,4363.49
2308,2022-03-04,4328.87
2309,2022-03-07,4201.09
2310,2022-03-08,4170.7
2311,2022-03-09,4277.88
2312,2022-03-10,4259.52
2313,2022-03-11,4204.31
2314,2022-03-14,4173.11
2315,2022-03-15,4262.45
2316,2022-03-16,4357.86
2317,2022-03-17,4411.67
2318,2022-03-18,4463.12
2319,2022-03-21,4461.18
2320,2022-03-22,4511.61
2321,2022-03-23,4456.24
2322,2022-03-24,4520.16
2323,2022-03-25,4543.06
2324,2022-03-28,4575.52
2325,2022-03-29,4631.6
2326,2022-03-30,4602.45
2327,2022-03-31,4530.41
2328,2022-04-01,4545.86
2329,2022-04-04,4582.64
2330,2022-04-05,4525.12
2331,2022-04-06,4481.15
2332,2022-04-07,4500.21
2333,2022-04-08,4488.28
2334,2022-04-11,4412.53
2335,2022-04-12,4397.45
2336,2022-04-13,4446.59
2337,2022-04-14,4392.59
2338,2022-04-15,
2339,2022-04-18,4391.69
2340,2022-04-19,4462.21
2341,2022-04-20,4459.45
2342,2022-04-21,4393.66
2343,2022-04-22,4271.78
2344,2022-04-25,4296.12
2345,2022-04-26,4175.2
2346,2022-04-27,4183.96
2347,2022-04-28,4287.5
2348,2022-04-29,4131.93
2349,2022-05-02,4155.38
2350,2022-05-03,4175.48
2351,2022-05-04,4300.17
2352,2022-05-05,4146.87
2353,2022-05-06,4123.34
2354,2022-05-09,3991.24
2355,2022-05-10,4001.05
2356,2022-05-11,3935.18
2357,2022-05-12,3930.08
2358,2022-05-13,4023.89
2359,2022-05-16,4008.01
2360,2022-05-17,4088.85
2361,2022-05-18,3923.68
2362,2022-05-19,3900.79
2363,2022-05-20,3901.36
2364,2022-05-23,3973.75
2365,2022-05-24,3941.48
2366,2022-05-25,3978.73
2367,2022-05-26,4057.84
2368,2022-05-27,4158.24
2369,2022-05-30,
2370,2022-05-31,4132.15
2371,2022-06-01,4101.23
2372,2022-06-02,4176.82
2373,2022-06-03,4108.54
2374,2022-06-06,4121.43
2375,2022-06-07,4160.68
2376,2022-06-08,4115.77
2377,2022-06-09,4017.82
2378,2022-06-10,3900.86
2379,2022-06-13,3749.63
2380,2022-06-14,3735.48
2381,2022-06-15,3789.99
2382,2022-06-16,3666.77
2383,2022-06-17,3674.84
2384,2022-06-20,
2385,2022-06-21,3764.79
2386,2022-06-22,3759.89
2387,2022-06-23,3795.73
2388,2022-06-24,3911.74
2389,2022-06-27,3900.11
2390,2022-06-28,3821.55
2391,2022-06-29,3818.83
2392,2022-06-30,3785.38
2393,2022-07-01,3825.33
2394,2022-07-04,
2395,2022-07-05,3831.39
2396,2022-07-06,3845.08
2397,2022-07-07,3902.62
2398,2022-07-08,3899.38
2399,2022-07-11,3854.43
2400,2022-07-12,3818.8
2401,2022-07-13,3801.78
2402,2022-07-14,3790.38
2403,2022-07-15,3863.16
2404,2022-07-18,3830.85
2405,2022-07-19,3936.69
2406,2022-07-20,3959.9
2407,2022-07-21,3998.95
2408,2022-07-22,3961.63
2409,2022-07-25,3966.84
2410,2022-07-26,3921.05
2411,2022-07-27,4023.61
2412,2022-07-28,4072.43
2413,2022-07-29,4130.29
2414,2022-08-01,4118.63
2415,2022-08-02,4091.19
2416,2022-08-03,4155.17
2417,2022-08-04,4151.94
2418,2022-08-05,4145.19
2419,2022-08-08,4140.06
2420,2022-08-09,4122.47
2421,2022-08-10,4210.24
2422,2022-08-11,4207.27
2423,2022-08-12,4280.15
2424,2022-08-15,4297.14
2425,2022-08-16,4305.2
2426,2022-08-17,4274.04
2427,2022-08-18,4283.74
2428,2022-08-19,4228.48
2429,2022-08-22,4137.99
2430,2022-08-23,4128.73
2431,2022-08-24,4140.77
2432,2022-08-25,4199.12
2433,2022-08-26,4057.66
2434,2022-08-29,4030.61
2435,2022-08-30,3986.16
2436,2022-08-31,3955.0
2437,2022-09-01,3966.85
2438,2022-09-02,3924.26
2439,2022-09-05,
2440,2022-09-06,3908.19
2441,2022-09-07,3979.87
2442,2022-09-08,4006.18
2443,2022-09-09,4067.36
2444,2022-09-12,4110.41
2445,2022-09-13,3932.69
2446,2022-09-14,3946.01
2447,2022-09-15,3901.35
2448,2022-09-16,3873.33
2449,2022-09-19,3899.89
2450,2022-09-20,3855.93
2451,2022-09-21,3789.93
2452,2022-09-22,3757.99
2453,2022-09-23,3693.23
2454,2022-09-26,3655.04
2455,2022-09-27,3647.29
2456,2022-09-28,3719.04
2457,2022-09-29,3640.47
2458,2022-09-30,3585.62
2459,2022-10-03,3678.43
2460,2022-10-04,3790.93
2461,2022-10-05,3783.28
2462,2022-10-06,3744.52
2463,2022-10-07,3639.66
2464,2022-10-10,3612.39
2465,2022-10-11,3588.84
2466,2022-10-12,3577.03
2467,2022-10-13,3669.91
2468,2022-10-14,3583.07
2469,2022-10-17,3677.95
2470,2022-10-18,3719.98
2471,2022-10-19,3695.16
2472,2022-10-20,3665.78
2473,2022-10-21,3752.75
2474,2022-10-24,3797.34
2475,2022-10-25,3859.11
2476,2022-10-26,3830.6
2477,2022-10-27,3807.3
2478,2022-10-28,3901.06
2479,2022-10-31,3871.98
2480,2022-11-01,3856.1
2481,2022-11-02,3759.69
2482,2022-11-03,3719.89
2483,2022-11-04,3770.55
2484,2022-11-07,3806.8
2485,2022-11-08,3828.11
2486,2022-11-09,3748.57
2487,2022-11-10,3956.37
2488,2022-11-11,3992.93
2489,2022-11-14,3957.25
2490,2022-11-15,3991.73
2491,2022-11-16,3958.79
2492,2022-11-17,3946.56
2493,2022-11-18,3965.34
2494,2022-11-21,3949.94
2495,2022-11-22,4003.58
2496,2022-11-23,4027.26
2497,2022-11-24,
2498,2022-11-25,4026.12
2499,2022-11-28,3963.94
2500,2022-11-29,3957.63
2501,2022-11-30,4080.11
2502,2022-12-01,4076.57
2503,2022-12-02,4071.7
2504,2022-12-05,3998.84
2505,2022-12-06,3941.26
2506,2022-12-07,3933.92
2507,2022-12-08,3963.51
2508,2022-12-09,3934.38
2509,2022-12-12,3990.56
2510,2022-12-13,4019.65
2511,2022-12-14,3995.32
2512,2022-12-15,3895.75
2513,2022-12-16,3852.36
2514,2022-12-19,3817.66
2515,2022-12-20,3821.62
2516,2022-12-21,3878.44
2517,2022-12-22,3822.39
2518,2022-12-23,3844.82
2519,2022-12-26,
2520,2022-12-27,3829.25
2521,2022-12-28,3783.22
2522,2022-12-29,3849.28
2523,2022-12-30,3839.5
2524,2023-01-02,
2525,2023-01-03,3824.14
2526,2023-01-04,3852.97
2527,2023-01-05,3808.1
2528,2023-01-06,3895.08
2529,2023-01-09,3892.09
2530,2023-01-10,3919.25
2531,2023-01-11,3969.61
2532,2023-01-12,3983.17
2533,2023-01-13,3999.09
2534,2023-01-16,
2535,2023-01-17,3990.97
2536,2023-01-18,3928.86
2537,2023-01-19,3898.85
2538,2023-01-20,3972.61
2539,2023-01-23,4019.81
2540,2023-01-24,4016.95
2541,2023-01-25,4016.22
2542,2023-01-26,4060.43
2543,2023-01-27,4070.56
2544,2023-01-30,4017.77
2545,2023-01-31,4076.6
2546,2023-02-01,4119.21
2547,2023-02-02,4179.76
2548,2023-02-03,4136.48
2549,2023-02-06,4111.08
2550,2023-02-07,4164.0
2551,2023-02-08,4117.86
2552,2023-02-09,4081.5
2553,2023-02-10,4090.46
2554,2023-02-13,4137.29
2555,2023-02-14,4136.13
2556,2023-02-15,4147.6
2557,2023-02-16,4090.41
2558,2023-02-17,4079.09
2559,2023-02-20,
2560,2023-02-21,3997.34
2561,2023-02-22,3991.05
2562,2023-02-23,4012.32
2563,2023-02-24,3970.04
2564,2023-02-27,3982.24
2565,2023-02-28,3970.15
2566,2023-03-01,3951.39
2567,2023-03-02,3981.35
2568,2023-03-03,4045.64
2569,2023-03-06,4048.42
2570,2023-03-07,3986.37
2571,2023-03-08,3992.01
2572,2023-03-09,3918.32
2573,2023-03-10,3861.59
2574,2023-03-13,3855.76
2575,2023-03-14,3919.29
2576,2023-03-15,3891.93
2577,2023-03-16,3960.28
2578,2023-03-17,3916.64
2579,2023-03-20,3951.57
2580,2023-03-21,4002.87
2581,2023-03-22,3936.97
2582,2023-03-23,3948.72
2583,2023-03-24,3970.99
2584,2023-03-27,3977.53
2585,2023-03-28,3971.27
2586,2023-03-29,4027.81
2587,2023-03-30,4050.83
2588,2023-03-31,4109.31
2589,2023-04-03,4124.51
2590,2023-04-04,4100.6
2591,2023-04-05,4090.38
2592,2023-04-06,4105.02
2593,2023-04-07,
2594,2023-04-10,4109.11
2595,2023-04-11,4108.94
2596,2023-04-12,4091.95
2597,2023-04-13,4146.22
2598,2023-04-14,4137.64
2599,2023-04-17,4151.32
2600,2023-04-18,4154.87
2601,2023-04-19,4154.52
2602,2023-04-20,4129.79
2603,2023-04-21,4133.52
2604,2023-04-24,4137.04
2605,2023-04-25,4071.63
2606,2023-04-26,4055.99
2607,2023-04-27,4135.35
2608,2023-04-28,4169.48
2609,2023-05-01,4167.87
2610,2023-05-02,4119.58
2611,2023-05-03,4090.75
2612,2023-05-04,4061.22
2613,2023-05-05,4136.25
2614,2023-05-08,4138.12
2615,2023-05-09,4119.17
2616,2023-05-10,4137.64
2617,2023-05-11,4130.62
2618,2023-05-12,4124.08
2619,2023-05-15,4136.28
2620,2023-05-16,4109.9
2621,2023-05-17,4158.77
2622,2023-05-18,4198.05
2623,2023-05-19,4191.98
2624,2023-05-22,4192.63
2625,2023-05-23,4145.58
2626,2023-05-24,4115.24
2627,2023-05-25,4151.28
2628,2023-05-26,4205.45
